adrass,date,squre,price for meter,num of rooms,flor,year build,Day,Month,Year,total price
סנש חנה 6,6.12.2020,56,24107,3.0,3,1970,6,12,2020,1349992.0
אנילביץ 18,1.12.2020,64,21562,3.0,3,1970,1,12,2020,1379968.0
אריאב חיים 4,1.12.2020,36,33055,2.0,2,1960,1,12,2020,1189980.0
צייטלין 14,1.12.2020,47,34042,4.0,3,1970,1,12,2020,1599974.0
שניאור זלמן 14,27.11.2020,79,21898,4.0,4,1980,27,11,2020,1729942.0
אריאב חיים 15,20.11.2020,20,85000,4.0,2,1960,20,11,2020,1700000.0
תדהר דוד 19,16.11.2020,48,29166,4.0,1,1960,16,11,2020,1399968.0
"עגנון ש""י 13",12.11.2020,42,38095,4.0,4,1970,12,11,2020,1599990.0
הרב מינץ 15,8.11.2020,35,32857,2.0,3,1950,8,11,2020,1149995.0
משורר השואה 10,1.11.2020,56,23214,3.0,2,1970,1,11,2020,1299984.0
אריאב חיים 5,30.10.2020,39,33974,3.0,2,1960,30,10,2020,1324986.0
אריאב חיים 5,29.10.2020,39,33974,3.0,1,1960,29,10,2020,1324986.0
תורה ועבודה 17,26.10.2020,39,23076,2.0,4,1970,26,10,2020,899964.0
ארנון משה 3 ראשון לציון,15.10.2020,99,22424,4.0,1,2021,15,10,2020,2219976.0
אנילביץ 26,13.10.2020,64,20312,3.0,4,1970,13,10,2020,1299968.0
שניאור זלמן 28,8.10.2020,47,26914,3.0,2,1970,8,10,2020,1264958.0
ארנון משה 3 ראשון לציון,5.10.2020,111,18558,5.0,5,2021,5,10,2020,2059938.0
קורצ'ק יאנוש 12,29.9.2020,79,21518,3.0,4,1960,29,9,2020,1699922.0
סנש חנה 8,22.9.2020,56,21785,3.0,4,1970,22,9,2020,1219960.0
סנש חנה 7,7.9.2020,35,34142,2.0,4,1950,7,9,2020,1194970.0
"עגנון ש""י 11",6.9.2020,69,19812,3.0,8,2019,6,9,2020,1367028.0
"עגנון ש""י 15",2.9.2020,79,19647,3.5,17,2019,2,9,2020,1552113.0
שניאור זלמן 44,30.8.2020,40,25000,2.0,1,1970,30,8,2020,1000000.0
סנש חנה 32,27.8.2020,67,15217,3.0,3,1960,27,8,2020,1019539.0
"עגנון ש""י 3",19.8.2020,44,27613,3.0,1,1950,19,8,2020,1214972.0
אנילביץ 39,13.8.2020,55,24545,2.5,4,1970,13,8,2020,1349975.0
שמואל הנביא 5 ראשון לציון,10.8.2020,60,21666,3.0,3,1970,10,8,2020,1299960.0
סנש חנה 13,4.8.2020,80,18750,4.0,0,1970,4,8,2020,1500000.0
אריאב חיים 25,3.8.2020,46,28913,3.0,3,1960,3,8,2020,1329998.0
"עגנון ש""י 13",2.8.2020,42,37619,4.0,4,1970,2,8,2020,1579998.0
אנילביץ 25,2.8.2020,35,32857,3.0,2,1960,2,8,2020,1149995.0
הרב מינץ 12,20.7.2020,54,25648,3.0,2,1960,20,7,2020,1384992.0
ארנון משה 3 ראשון לציון,15.7.2020,110,18500,5.0,5,2021,15,7,2020,2035000.0
אנילביץ 25,15.7.2020,35,36285,4.0,3,1960,15,7,2020,1269975.0
משורר השואה 9,9.7.2020,47,26382,3.0,2,1975,9,7,2020,1239954.0
פוזננסקי 2 ראשון לציון,7.7.2020,118,20338,5.0,10,2020,7,7,2020,2399884.0
גולינקין 5,6.7.2020,47,26808,3.0,2,1960,6,7,2020,1259976.0
"ש""י עגנון 8",2.7.2020,40,29250,3.0,2,1970,2,7,2020,1170000.0
אריאב חיים 10,1.7.2020,40,35500,4.0,4,1970,1,7,2020,1420000.0
סנש חנה 7,1.7.2020,35,36000,2.0,1,1960,1,7,2020,1260000.0
אריאב חיים 8,30.6.2020,51,25294,3.0,2,1960,30,6,2020,1289994.0
אנילביץ 5,28.6.2020,47,23617,3.0,3,1960,28,6,2020,1109999.0
כהן יעקב 36,23.6.2020,38,27631,3.0,2,1960,23,6,2020,1049978.0
אבו חצירה 42,14.6.2020,125,12676,5.0,1,2022,14,6,2020,1584500.0
שניאור זלמן 27,10.6.2020,46,17173,5.0,1,1960,10,6,2020,789958.0
"עגנון ש""י 13",9.6.2020,42,29761,3.0,4,1950,9,6,2020,1249962.0
תורה ועבודה 7,7.6.2020,39,25128,2.0,4,1970,7,6,2020,979992.0
שניאור זלמן 36,2.6.2020,40,13875,3.0,2,1970,2,6,2020,555000.0
תדהר דוד 8,2.6.2020,35,25571,2.0,2,1960,2,6,2020,894985.0
אבו חצירה 51,27.5.2020,125,12347,5.0,1,2022,27,5,2020,1543375.0
תדהר דוד 17,24.5.2020,36,30555,2.0,1,1960,24,5,2020,1099980.0
תדהר דוד 12,24.5.2020,35,29428,2.5,4,1970,24,5,2020,1029980.0
כהן יעקב 32,19.5.2020,45,26666,3.0,2,1970,19,5,2020,1199970.0
שניאור זלמן 40,17.5.2020,26,46153,2.0,1,1970,17,5,2020,1199978.0
שניאור זלמן 5,11.5.2020,60,21500,3.0,2,1997,11,5,2020,1290000.0
"אנילביץ' 28, ראשון לציון",11.5.2020,64,15625,3.0,1,1960,11,5,2020,1000000.0
אבו חצירה ,7.5.2020,77,13303,3.0,10,2020,7,5,2020,1024331.0
שניאור זלמן 22,30.4.2020,64,20859,3.0,3,1960,30,4,2020,1334976.0
"עגנון ש""י 15",27.4.2020,42,41190,4.0,2,1960,27,4,2020,1729980.0
הנחשול 75,23.4.2020,80,2906,3.0,8,1991,23,4,2020,232480.0
תורה ועבודה 11,5.4.2020,52,15265,3.0,2,1960,5,4,2020,793780.0
אש שלום 9,30.3.2020,35,31428,2.0,2,1970,30,3,2020,1099980.0
אריאב חיים 10,25.3.2020,39,37692,4.0,4,1960,25,3,2020,1469988.0
הרב קוק 6,25.3.2020,44,38636,2.0,2,1970,25,3,2020,1699984.0
תורה ועבודה 34,16.3.2020,50,23400,2.0,2,1960,16,3,2020,1170000.0
קורצ'ק יאנוש 6,16.3.2020,64,21093,3.0,2,1995,16,3,2020,1349952.0
תדהר דוד 7,11.3.2020,36,31111,2.0,2,1970,11,3,2020,1119996.0
אנילביץ 17,10.3.2020,35,12858,2.0,3,1950,10,3,2020,450030.0
שניאור זלמן 22,5.3.2020,64,21875,3.0,3,1970,5,3,2020,1400000.0
אש שלום 26,5.3.2020,34,33823,2.0,1,1960,5,3,2020,1149982.0
אנילביץ 25,3.3.2020,35,35142,3.0,3,1970,3,3,2020,1229970.0
גולינקין 5,3.3.2020,47,26382,3.0,1,1960,3,3,2020,1239954.0
הרב קוק 5,1.3.2020,44,28409,3.0,1,1960,1,3,2020,1249996.0
תורה ועבודה 29,26.2.2020,39,34743,2.0,2,1970,26,2,2020,1354977.0
אנילביץ 18,25.2.2020,64,10664,3.0,2,1960,25,2,2020,682496.0
"עגנון ש""י 15",21.2.2020,42,40476,4.0,4,1975,21,2,2020,1699992.0
פוזננסקי 2 ראשון לציון,20.2.2020,120,17750,5.0,1,2020,20,2,2020,2130000.0
ארנון 1 ראשון לציון,17.2.2020,82,18292,4.0,2,1970,17,2,2020,1499944.0
קורצ'ק יאנוש 12,16.2.2020,70,8953,3.0,1,1997,16,2,2020,626710.0
אש שלום 12,13.2.2020,34,34705,2.0,1,1970,13,2,2020,1179970.0
פוזננסקי 2 ראשון לציון,10.2.2020,102,19117,4.0,4,2020,10,2,2020,1949934.0
פוזננסקי 2 ראשון לציון,10.2.2020,102,18529,4.0,1,2020,10,2,2020,1889958.0
אריאב חיים 2,10.2.2020,36,9127,2.0,2,1970,10,2,2020,328572.0
אנילביץ 21,5.2.2020,43,35930,2.0,1,1970,5,2,2020,1544990.0
פוזננסקי 2 ראשון לציון,3.2.2020,100,20300,4.0,8,2022,3,2,2020,2030000.0
פוזננסקי 2 ראשון לציון,3.2.2020,128,16328,5.0,1,2020,3,2,2020,2089984.0
פוזננסקי 2 ראשון לציון,29.1.2020,84,20119,3.0,0,2020,29,1,2020,1689996.0
פוזננסקי 2 ראשון לציון,29.1.2020,128,18359,5.0,9,2020,29,1,2020,2349952.0
פוזננסקי 2 ראשון לציון,28.1.2020,102,18921,4.0,3,2020,28,1,2020,1929942.0
"עגנון ש""י 15",28.1.2020,42,35714,3.0,4,1960,28,1,2020,1499988.0
פוזננסקי 2 ראשון לציון,27.1.2020,84,19642,3.0,4,2020,27,1,2020,1649928.0
פוזננסקי 2 ראשון לציון,27.1.2020,84,18571,3.0,2,2020,27,1,2020,1559964.0
פוזננסקי 2 ראשון לציון,26.1.2020,128,18554,5.0,10,2020,26,1,2020,2374912.0
פוזננסקי 2 ראשון לציון,26.1.2020,118,19067,5.0,8,2020,26,1,2020,2249906.0
פוזננסקי 2 ראשון לציון,26.1.2020,120,18750,5.0,8,2020,26,1,2020,2250000.0
פוזננסקי 2 ראשון לציון,26.1.2020,120,18583,5.0,7,2020,26,1,2020,2229960.0
פוזננסקי 2 ראשון לציון,26.1.2020,128,17187,5.0,3,2020,26,1,2020,2199936.0
שניאור זלמן 36,22.1.2020,40,26000,2.0,3,1960,22,1,2020,1040000.0
תדהר דוד 21,22.1.2020,36,30277,2.0,2,1960,22,1,2020,1089972.0
פוזננסקי 2 ראשון לציון,21.1.2020,128,16039,5.0,5,2020,21,1,2020,2052992.0
פוזננסקי 2 ראשון לציון,20.1.2020,102,19705,4.0,7,2020,20,1,2020,2009910.0
פוזננסקי 2 ראשון לציון,20.1.2020,102,19313,4.0,5,2020,20,1,2020,1969926.0
הרב נורוק 7,20.1.2020,36,30833,2.0,3,1970,20,1,2020,1109988.0
אנילביץ 6,16.1.2020,28,46785,4.0,3,1975,16,1,2020,1309980.0
אנילביץ 21,15.1.2020,43,28837,3.0,2,1970,15,1,2020,1239991.0
פוזננסקי 2 ראשון לציון,9.1.2020,84,20119,3.0,6,2020,9,1,2020,1689996.0
הרב נורוק 7,2.1.2020,36,31944,2.0,3,1960,2,1,2020,1149984.0
ארנון 1 ראשון לציון,1.1.2020,82,6942,4.0,1,1970,1,1,2020,569244.0
אריאב חיים 7,1.1.2020,35,17142,2.0,1,1970,1,1,2020,599970.0
אריאב חיים 10,31.12.2019,39,36410,2.0,3,1970,31,12,2019,1419990.0
תורה ועבודה 3,31.12.2019,39,33333,3.0,2,1970,31,12,2019,1299987.0
אריאב חיים 8,29.12.2019,60,21666,3.0,4,1970,29,12,2019,1299960.0
שניאור זלמן 35,26.12.2019,46,29239,3.0,2,1960,26,12,2019,1344994.0
"עגנון ש""י 3",19.12.2019,36,34722,4.0,3,1950,19,12,2019,1249992.0
"עגנון ש""י 5",19.12.2019,36,33055,3.0,1,1975,19,12,2019,1189980.0
"ש""י עגנון 4",18.12.2019,39,34871,3.0,3,1960,18,12,2019,1359969.0
צייטלין 14,17.12.2019,48,21875,3.0,3,1980,17,12,2019,1050000.0
סנש חנה 7,3.12.2019,35,35571,2.5,3,1970,3,12,2019,1244985.0
"ש""י עגנון 12",26.11.2019,40,28750,3.0,2,1960,26,11,2019,1150000.0
סנש חנה 4,25.11.2019,57,21052,3.0,3,1960,25,11,2019,1199964.0
קורצ'ק יאנוש 4,25.11.2019,64,22656,4.0,2,1991,25,11,2019,1449984.0
אנילביץ 10,24.11.2019,58,5172,4.0,3,1960,24,11,2019,299976.0
פוזננסקי 2 ראשון לציון,19.11.2019,159,11635,5.0,1,1960,19,11,2019,1849965.0
פוזננסקי 2 ראשון לציון,19.11.2019,76,15131,3.0,2,1960,19,11,2019,1149956.0
פוזננסקי 2 ראשון לציון,19.11.2019,133,13970,5.0,2,2020,19,11,2019,1858010.0
פוזננסקי 2 ראשון לציון,19.11.2019,119,13025,5.0,2,1960,19,11,2019,1549975.0
פוזננסקי 2 ראשון לציון,19.11.2019,91,15384,4.0,4,1960,19,11,2019,1399944.0
פוזננסקי 2 ראשון לציון,19.11.2019,111,5945,4.0,3,1960,19,11,2019,659895.0
פוזננסקי 2 ראשון לציון,19.11.2019,47,19148,2.0,1,1960,19,11,2019,899956.0
פוזננסקי 2 ראשון לציון,19.11.2019,91,15384,4.0,2,1960,19,11,2019,1399944.0
פוזננסקי מנחם 6,19.11.2019,90,15555,5.0,4,1960,19,11,2019,1399950.0
פוזננסקי מנחם 6,19.11.2019,99,14141,4.0,1,1960,19,11,2019,1399959.0
פוזננסקי מנחם 4,19.11.2019,118,13135,5.0,4,1960,19,11,2019,1549930.0
פוזננסקי מנחם 2,19.11.2019,105,15146,5.0,11,2020,19,11,2019,1590330.0
פוזננסקי מנחם 2,19.11.2019,126,14142,5.0,7,2020,19,11,2019,1781892.0
פוזננסקי 2 ראשון לציון,19.11.2019,98,13343,4.0,1,2020,19,11,2019,1307614.0
פוזננסקי מנחם 9,19.11.2019,54,16666,2.5,2,1960,19,11,2019,899964.0
פוזננסקי מנחם 11,19.11.2019,55,16363,2.5,1,1960,19,11,2019,899965.0
פוזננסקי מנחם 7,14.11.2019,56,30357,3.0,1,1960,14,11,2019,1699992.0
"עגנון ש""י 3",11.11.2019,36,34861,2.0,1,1980,11,11,2019,1254996.0
תורה ועבודה 7,4.11.2019,39,41666,4.0,1,1970,4,11,2019,1624974.0
דוד המלך 54,4.11.2019,170,3048,7.0,0,1950,4,11,2019,518160.0
סנש חנה 4,31.10.2019,56,23214,3.0,2,1970,31,10,2019,1299984.0
"עגנון ש""י 15",29.10.2019,42,32142,2.0,2,1960,29,10,2019,1349964.0
אריאב חיים 8,27.10.2019,58,6762,3.0,2,1960,27,10,2019,392196.0
סנש חנה 6,10.10.2019,56,29464,5.0,2,1970,10,10,2019,1649984.0
סנש חנה 4,10.10.2019,56,24107,3.0,3,1970,10,10,2019,1349992.0
אבו חצירה 91,6.10.2019,125,12586,5.0,1,2022,6,10,2019,1573250.0
שניאור זלמן 39,6.10.2019,47,34042,4.0,4,1970,6,10,2019,1599974.0
תדהר דוד 27,25.9.2019,39,27948,3.0,3,1950,25,9,2019,1089972.0
אריאב חיים 6,18.9.2019,39,30769,3.0,3,1970,18,9,2019,1199991.0
אנילביץ 10,15.9.2019,58,19827,3.0,3,1970,15,9,2019,1149966.0
תורה ועבודה 20,13.9.2019,42,29023,3.0,2,1970,13,9,2019,1218966.0
שניאור זלמן 36,9.9.2019,40,24750,2.0,2,1970,9,9,2019,990000.0
הצפירה 5,9.9.2019,46,26847,3.0,4,1950,9,9,2019,1234962.0
סנש חנה 9,1.9.2019,90,7096,4.0,2,1960,1,9,2019,638640.0
אריאב חיים 8,18.8.2019,39,31538,2.0,1,1960,18,8,2019,1229982.0
סנש חנה 5,15.8.2019,35,43428,4.0,3,1970,15,8,2019,1519980.0
הרב נורוק 5,14.8.2019,44,23863,3.0,1,1960,14,8,2019,1049972.0
תורה ועבודה 7,13.8.2019,39,25641,2.5,3,1970,13,8,2019,999999.0
אבו חצירה 51,12.8.2019,75,14051,3.0,11,2022,12,8,2019,1053825.0
אבו חצירה 61,12.8.2019,75,17498,3.0,0,2022,12,8,2019,1312350.0
אנילביץ 14,8.8.2019,64,18750,3.0,3,1960,8,8,2019,1200000.0
שניאור זלמן 32,5.8.2019,48,25000,3.0,3,1970,5,8,2019,1200000.0
אבו חצירה 82,5.8.2019,75,13181,3.0,7,2022,5,8,2019,988575.0
הרב מינץ 14,5.8.2019,54,23148,2.0,2,1981,5,8,2019,1249992.0
פוזננסקי 2 ראשון לציון,4.8.2019,41,45317,5.0,2,1960,4,8,2019,1857997.0
אבו חצירה 82,4.8.2019,125,12600,5.0,5,2022,4,8,2019,1575000.0
הרב מינץ 11,4.8.2019,35,29142,2.0,4,1982,4,8,2019,1019970.0
אהרונסון אהרון 91,4.8.2019,125,12789,5.0,3,2022,4,8,2019,1598625.0
אבו חצירה 62,4.8.2019,125,12510,5.0,6,2022,4,8,2019,1563750.0
אבו חצירה 41,4.8.2019,75,13485,3.0,7,2022,4,8,2019,1011375.0
תורה ועבודה 23,28.7.2019,39,27820,2.0,3,1970,28,7,2019,1084980.0
אנילביץ' 20 ראשון לציון,24.7.2019,57,29824,5.0,3,1960,24,7,2019,1699968.0
תדהר דוד 4,22.7.2019,35,44285,4.0,3,1970,22,7,2019,1549975.0
משורר השואה 10,11.7.2019,67,9298,3.0,2,1970,11,7,2019,622966.0
"אנילביץ' 24, ראשון לציון",10.7.2019,57,22807,3.0,1,1975,10,7,2019,1299999.0
תורה ועבודה 36,30.6.2019,74,22027,5.0,2,1970,30,6,2019,1629998.0
תורה ועבודה 11,27.6.2019,39,34358,2.0,1,1970,27,6,2019,1339962.0
אריאב חיים 5,24.6.2019,40,27500,3.0,4,1960,24,6,2019,1100000.0
הצפירה 1,23.6.2019,46,33043,4.5,1,1960,23,6,2019,1519978.0
סנש חנה 7,20.6.2019,35,41714,4.0,3,1970,20,6,2019,1459990.0
אנילביץ 25,18.6.2019,35,31428,3.0,2,1970,18,6,2019,1099980.0
הרב נורוק 3,18.6.2019,36,29938,2.0,2,1960,18,6,2019,1077768.0
צייטלין 18,17.6.2019,47,25131,3.0,2,1960,17,6,2019,1181157.0
אנילביץ 6,23.5.2019,28,48214,3.0,3,1970,23,5,2019,1349992.0
אנילביץ 14,1.5.2019,62,22580,3.0,1,1970,1,5,2019,1399960.0
שניאור זלמן 37,18.4.2019,46,26630,3.0,4,1960,18,4,2019,1224980.0
החלוץ 3,15.4.2019,39,32051,3.5,3,1970,15,4,2019,1249989.0
תורה ועבודה 8,15.4.2019,40,28000,3.0,2,1960,15,4,2019,1120000.0
הצפירה 9,14.4.2019,46,19565,3.0,3,1980,14,4,2019,899990.0
אריאב חיים 4,11.4.2019,36,22500,2.0,1,1970,11,4,2019,810000.0
אריאב חיים 10,11.4.2019,57,4592,3.0,2,1960,11,4,2019,261744.0
תורה ועבודה 36,11.4.2019,50,22000,2.0,1,1950,11,4,2019,1100000.0
אנילביץ 15,11.4.2019,35,25714,2.5,2,1970,11,4,2019,899990.0
תדהר דוד 12,8.4.2019,50,8852,2.0,4,1960,8,4,2019,442600.0
הצפירה 3,5.4.2019,46,25108,3.0,4,1960,5,4,2019,1154968.0
קורצ'ק יאנוש 6,17.3.2019,49,21450,2.0,2,1995,17,3,2019,1051050.0
אנילביץ 13,12.3.2019,40,30000,2.0,1,1960,12,3,2019,1200000.0
שניאור זלמן 30,12.3.2019,47,25638,3.0,2,1960,12,3,2019,1204986.0
הרב מינץ 12,7.3.2019,54,23703,3.0,4,1995,7,3,2019,1279962.0
גולינקין 6,24.2.2019,47,28085,3.0,1,1970,24,2,2019,1319995.0
אנילביץ 6,22.2.2019,28,37142,2.0,3,1975,22,2,2019,1039976.0
אנילביץ 17,20.2.2019,35,35714,2.0,1,1960,20,2,2019,1249990.0
תדהר דוד 6,20.2.2019,35,34285,3.0,1,1950,20,2,2019,1199975.0
הרב מינץ 11,19.2.2019,35,26571,3.0,4,1970,19,2,2019,929985.0
משורר השואה 4,14.2.2019,56,22142,3.0,2,1991,14,2,2019,1239952.0
אנילביץ 8,11.2.2019,64,19687,3.0,2,1960,11,2,2019,1259968.0
שניאור זלמן 26,7.2.2019,48,21875,3.0,3,1970,7,2,2019,1050000.0
הרב מינץ 9,1.2.2019,35,35285,4.0,3,1974,1,2,2019,1234975.0
אש שלום 2,28.1.2019,40,21000,3.0,2,1970,28,1,2019,840000.0
אנילביץ 53,27.1.2019,56,23214,3.0,2,1975,27,1,2019,1299984.0
גולינקין 2,25.1.2019,47,35531,4.5,3,1975,25,1,2019,1669957.0
סנש חנה 6,17.1.2019,56,21785,3.0,2,1970,17,1,2019,1219960.0
אנילביץ 53,16.1.2019,57,17982,3.0,4,1950,16,1,2019,1024974.0
תורה ועבודה 23,15.1.2019,39,18961,4.0,3,1970,15,1,2019,739479.0
תורה ועבודה 26,14.1.2019,48,26666,3.0,2,1978,14,1,2019,1279968.0
אנילביץ 35,9.1.2019,56,19642,3.0,3,1964,9,1,2019,1099952.0
תדהר דוד 7,7.1.2019,39,28205,3.0,3,1970,7,1,2019,1099995.0
שניאור זלמן 7,7.1.2019,77,18831,4.0,3,1991,7,1,2019,1449987.0
"ש""י עגנון 8",30.12.2018,39,25641,3.0,3,1996,30,12,2018,999999.0
תדהר דוד 4,30.12.2018,70,20000,4.0,4,1975,30,12,2018,1400000.0
גולינקין 7,30.12.2018,47,35000,4.0,2,2000,30,12,2018,1645000.0
שניאור זלמן 37,27.12.2018,46,24673,3.0,4,1960,27,12,2018,1134958.0
שניאור זלמן 9,27.12.2018,79,20189,4.0,1,1997,27,12,2018,1594931.0
פוזננסקי מנחם 9,26.12.2018,35,57142,2.5,2,1960,26,12,2018,1999970.0
הצפירה 9,25.12.2018,46,21739,3.0,3,1982,25,12,2018,999994.0
צייטלין 9,24.12.2018,47,27340,3.0,1,1980,24,12,2018,1284980.0
שניאור זלמן 30,23.12.2018,47,25531,3.0,3,1960,23,12,2018,1199957.0
החלוץ 3,21.12.2018,40,27500,3.0,2,1983,21,12,2018,1100000.0
פוזננסקי מנחם 9,17.12.2018,53,16037,3.0,2,1970,17,12,2018,849961.0
אנילביץ 22,17.12.2018,64,23750,4.5,0,1960,17,12,2018,1520000.0
ספינת השלושה 2,16.12.2018,43,21162,2.0,3,1960,16,12,2018,909966.0
סנש חנה 4,13.12.2018,56,24107,3.0,4,1970,13,12,2018,1349992.0
אריאב חיים 5,12.12.2018,400,2712,3.0,4,1970,12,12,2018,1084800.0
שניאור זלמן 7,7.12.2018,74,13986,3.0,3,1993,7,12,2018,1034964.0
אש שלום 9,6.12.2018,87,17758,4.5,1,1975,6,12,2018,1544946.0
שניאור זלמן 42,4.12.2018,40,26875,2.0,4,1980,4,12,2018,1075000.0
קורצ'ק יאנוש 12,3.12.2018,64,23125,3.0,3,1997,3,12,2018,1480000.0
שניאור זלמן 37,3.12.2018,46,25000,3.0,1,1960,3,12,2018,1150000.0
"ש""י עגנון 12",28.11.2018,39,28271,3.0,4,1960,28,11,2018,1102569.0
שניאור זלמן 39,27.11.2018,46,25760,3.0,3,1975,27,11,2018,1184960.0
אריאב חיים 5,21.11.2018,40,21250,3.0,3,1975,21,11,2018,850000.0
שניאור זלמן 28,21.11.2018,47,26595,3.0,4,1970,21,11,2018,1249965.0
אנילביץ 16,19.11.2018,57,21929,5.0,4,1960,19,11,2018,1249953.0
אנילביץ 6,11.11.2018,70,17857,4.0,2,1975,11,11,2018,1249990.0
אריאב חיים 6,28.10.2018,39,38205,4.0,1,1960,28,10,2018,1489995.0
שניאור זלמן 38,23.10.2018,26,50000,3.0,1,1960,23,10,2018,1300000.0
קורצ'ק יאנוש 8,22.10.2018,64,20078,3.0,6,1995,22,10,2018,1284992.0
החלוץ 3,16.10.2018,39,30769,4.0,2,1960,16,10,2018,1199991.0
שניאור זלמן 38,16.10.2018,40,29500,3.0,4,1975,16,10,2018,1180000.0
שניאור זלמן 41,15.10.2018,46,33695,4.5,3,1975,15,10,2018,1549970.0
אנילביץ 29,12.10.2018,35,29714,2.5,2,1975,12,10,2018,1039990.0
שניאור זלמן 26,10.10.2018,47,21808,3.0,4,1960,10,10,2018,1024976.0
קורצ'ק יאנוש 6,7.10.2018,49,21428,2.0,1,1995,7,10,2018,1049972.0
קורצ'ק יאנוש 8,5.10.2018,64,16953,3.0,6,2004,5,10,2018,1084992.0
"ש""י עגנון 22",26.9.2018,29,35517,2.0,3,1985,26,9,2018,1029993.0
גולינקין 6,13.9.2018,47,27446,2.5,3,1970,13,9,2018,1289962.0
שניאור זלמן 41,30.8.2018,46,27608,3.0,2,1970,30,8,2018,1269968.0
תורה ועבודה 4,26.8.2018,39,25641,2.5,2,1960,26,8,2018,999999.0
סנש חנה 9,26.8.2018,35,30000,2.0,1,1960,26,8,2018,1050000.0
כהן יעקב 36,24.8.2018,38,23684,2.0,1,1970,24,8,2018,899992.0
שניאור זלמן 14,22.8.2018,79,19810,4.0,4,1995,22,8,2018,1564990.0
צייטלין 22,22.8.2018,48,23812,3.0,3,1960,22,8,2018,1142976.0
אריאב חיים 11,21.8.2018,35,29714,2.0,4,1960,21,8,2018,1039990.0
שניאור זלמן 28,20.8.2018,47,26276,3.0,1,1970,20,8,2018,1234972.0
"אנילביץ' 24, ראשון לציון",19.8.2018,57,20175,3.0,4,1970,19,8,2018,1149975.0
תורה ועבודה 26,17.8.2018,47,24468,3.0,1,1970,17,8,2018,1149996.0
אריאב חיים 5,15.8.2018,39,28717,3.0,4,1960,15,8,2018,1119963.0
הכנסת 5,15.8.2018,46,26521,3.0,2,1970,15,8,2018,1219966.0
תדהר דוד 15,14.8.2018,48,18768,4.0,1,1970,14,8,2018,900864.0
חנה סנש 13 ראשון לציון,8.8.2018,49,25918,3.0,2,1960,8,8,2018,1269982.0
שניאור זלמן 29,6.8.2018,46,23478,3.0,3,1992,6,8,2018,1079988.0
חנה סנש 13 ראשון לציון,26.7.2018,50,24500,3.0,3,1975,26,7,2018,1225000.0
פוזננסקי מנחם 9,23.7.2018,35,59902,2.0,0,1960,23,7,2018,2096570.0
הגלים 20,16.7.2018,103,18932,5.0,6,1994,16,7,2018,1949996.0
שניאור זלמן 36,12.7.2018,40,13750,3.0,1,1970,12,7,2018,550000.0
הרב מינץ 16,12.7.2018,54,22407,3.0,3,1960,12,7,2018,1209978.0
סנש חנה 6,8.7.2018,56,21964,3.0,4,1970,8,7,2018,1229984.0
אנילביץ 23,2.7.2018,35,42571,4.0,1,1980,2,7,2018,1489985.0
הנחשול 75,26.6.2018,119,18025,5.0,6,1991,26,6,2018,2144975.0
הצפירה 5,25.6.2018,62,4779,3.0,1,1960,25,6,2018,296298.0
פוזננסקי מנחם 6,24.6.2018,35,48571,3.5,0,1950,24,6,2018,1699985.0
ארנון משה 5 ראשון לציון,21.6.2018,61,21311,3.0,3,1970,21,6,2018,1299971.0
הדוגית 70,20.6.2018,84,20119,4.0,3,2005,20,6,2018,1689996.0
פוזננסקי מנחם 1,19.6.2018,64,4809,3.0,1,1950,19,6,2018,307776.0
תורה ועבודה 11,18.6.2018,39,24358,2.0,3,1970,18,6,2018,949962.0
תורה ועבודה 20,15.6.2018,47,25531,3.0,3,1975,15,6,2018,1199957.0
שניאור זלמן 39,10.6.2018,46,27608,3.0,2,1960,10,6,2018,1269968.0
נתן שלמה 11,30.5.2018,35,39999,2.0,1,1970,30,5,2018,1399965.0
תורה ועבודה 21,30.5.2018,39,32307,4.0,4,1960,30,5,2018,1259973.0
שניאור זלמן 20,28.5.2018,65,17169,5.0,1,1970,28,5,2018,1115985.0
שניאור זלמן 36,27.5.2018,26,29689,1.0,0,1970,27,5,2018,771914.0
שניאור זלמן 9,18.5.2018,78,19871,4.0,1,1993,18,5,2018,1549938.0
אריאב חיים 5,17.5.2018,39,28717,3.0,3,1970,17,5,2018,1119963.0
שניאור זלמן 24,13.5.2018,65,13846,3.0,3,1960,13,5,2018,899990.0
אבו חצירה ,6.5.2018,75,12900,3.0,0,2018,6,5,2018,967500.0
אריאב חיים 6,3.5.2018,40,28750,3.0,2,1970,3,5,2018,1150000.0
תורה ועבודה 26,2.5.2018,48,26250,3.0,3,1970,2,5,2018,1260000.0
נתן שלמה 11,29.4.2018,35,39999,2.0,1,1970,29,4,2018,1399965.0
הכנסת 3,26.4.2018,46,31521,5.0,3,1970,26,4,2018,1449966.0
שניאור זלמן 7,20.4.2018,74,13108,2.5,3,1995,20,4,2018,969992.0
שניאור זלמן 20,17.4.2018,65,17538,3.0,2,1970,17,4,2018,1139970.0
אש שלום 12,16.4.2018,40,15000,3.0,1,1970,16,4,2018,600000.0
ארנון משה 3 ראשון לציון,15.4.2018,82,19268,4.0,2,1996,15,4,2018,1579976.0
תורה ועבודה 38,15.4.2018,63,20476,3.0,3,1970,15,4,2018,1289988.0
סנש חנה 3,12.4.2018,35,28285,2.0,2,1970,12,4,2018,989975.0
הרב מינץ 10,29.3.2018,75,21800,5.0,3,1950,29,3,2018,1635000.0
משורר השואה 10,27.3.2018,56,20357,3.0,3,1981,27,3,2018,1139992.0
הצפירה 9,27.3.2018,46,22826,3.0,3,1960,27,3,2018,1049996.0
אנילביץ 37,26.3.2018,56,28214,5.0,4,1975,26,3,2018,1579984.0
אנילביץ 7,22.3.2018,47,28085,4.5,3,1970,22,3,2018,1319995.0
אנילביץ 41,20.3.2018,57,16315,3.0,1,1960,20,3,2018,929955.0
"עגנון ש""י 5",14.3.2018,36,34166,3.0,2,1970,14,3,2018,1229976.0
תורה ועבודה 23,13.3.2018,39,29487,2.0,2,1970,13,3,2018,1149993.0
אנילביץ 17,12.3.2018,35,24285,2.0,1,1980,12,3,2018,849975.0
אריאב חיים 6,22.2.2018,40,32500,4.0,2,1950,22,2,2018,1300000.0
הרב מינץ 8,13.2.2018,93,19139,5.0,4,1960,13,2,2018,1779927.0
"עגנון ש""י 14",11.2.2018,71,17042,4.0,2,1960,11,2,2018,1209982.0
הצפירה 7,4.2.2018,46,28260,5.0,4,1980,4,2,2018,1299960.0
שניאור זלמן 7,28.1.2018,76,18092,4.0,2,1990,28,1,2018,1374992.0
אנילביץ 21,29.12.2017,37,31621,4.0,2,1975,29,12,2017,1169977.0
דוד המלך 27,27.12.2017,498,4417,4.0,0,1960,27,12,2017,2199666.0
"ש""י עגנון 24",20.12.2017,39,25538,2.5,4,1975,20,12,2017,995982.0
"עגנון ש""י 1",13.12.2017,39,28205,3.0,4,1970,13,12,2017,1099995.0
"ש""י עגנון 28",12.12.2017,61,20327,3.0,3,1991,12,12,2017,1239947.0
"עגנון ש""י 13",30.11.2017,42,27380,3.0,3,1970,30,11,2017,1149960.0
תורה ועבודה 26,28.11.2017,47,25319,3.0,3,2012,28,11,2017,1189993.0
אנילביץ 18,26.11.2017,64,21718,3.0,6,1970,26,11,2017,1389952.0
תורה ועבודה 14,23.11.2017,39,35128,4.0,1,1960,23,11,2017,1369992.0
"עגנון ש""י 3",20.11.2017,36,35555,2.0,1,1980,20,11,2017,1279980.0
הכנסת 4,15.11.2017,39,33333,4.0,2,1970,15,11,2017,1299987.0
צייטלין 12,15.11.2017,47,32340,4.0,3,1960,15,11,2017,1519980.0
ספינת השלושה 17,15.11.2017,35,27000,2.5,2,1975,15,11,2017,945000.0
כהן יעקב 34,14.11.2017,63,24920,5.0,2,1970,14,11,2017,1569960.0
הצפירה 9,9.11.2017,46,25000,3.0,1,1976,9,11,2017,1150000.0
אנילביץ 17,1.11.2017,35,25714,2.0,1,1960,1,11,2017,899990.0
קורצ'ק יאנוש 6,31.10.2017,49,24183,2.0,1,1990,31,10,2017,1184967.0
"ש""י עגנון 12",29.10.2017,39,26923,3.0,4,1970,29,10,2017,1049997.0
אש שלום 3,29.10.2017,47,25531,3.0,2,1975,29,10,2017,1199957.0
קורצ'ק יאנוש 6,19.10.2017,49,21632,2.0,3,1993,19,10,2017,1059968.0
צייטלין 20,15.10.2017,48,21250,2.5,2,1970,15,10,2017,1020000.0
אנילביץ 5,3.10.2017,47,23723,3.0,1,1960,3,10,2017,1114981.0
כהן יעקב 40,3.10.2017,38,28947,2.0,1,1970,3,10,2017,1099986.0
הרב מינץ 10,27.9.2017,54,22037,3.0,0,1800,27,9,2017,1189998.0
צייטלין 6,19.9.2017,41,28536,3.0,3,1960,19,9,2017,1169976.0
הרב מינץ 13,18.9.2017,35,37142,4.0,1,1970,18,9,2017,1299970.0
שניאור זלמן 35,12.9.2017,46,27826,4.0,4,1975,12,9,2017,1279996.0
אריאב חיים 23,10.9.2017,46,25543,3.0,1,1960,10,9,2017,1174978.0
סנש חנה 6,1.9.2017,66,19242,3.5,2,1980,1,9,2017,1269972.0
אריאב חיים 10,22.8.2017,40,32000,4.0,2,1964,22,8,2017,1280000.0
אנילביץ 27,20.8.2017,105,16666,5.0,2,1970,20,8,2017,1749930.0
"עגנון ש""י 13",16.8.2017,42,31547,4.0,1,1970,16,8,2017,1324974.0
"ש""י עגנון 6",10.8.2017,39,29230,3.0,2,1970,10,8,2017,1139970.0
פוזננסקי 2 ראשון לציון,8.8.2017,60,23333,3.0,2,1960,8,8,2017,1399980.0
גולינקין 2,26.7.2017,47,15904,4.0,3,1975,26,7,2017,747488.0
הכנסת 3,23.7.2017,46,22391,3.0,4,1960,23,7,2017,1029986.0
ספינת השלושה 17,17.7.2017,35,12857,3.5,0,1959,17,7,2017,449995.0
שניאור זלמן 39,16.7.2017,46,32608,4.5,1,1970,16,7,2017,1499968.0
צייטלין 7,15.7.2017,47,20000,3.0,3,1960,15,7,2017,940000.0
תורה ועבודה 8,13.7.2017,39,28717,3.0,4,1970,13,7,2017,1119963.0
הצפירה 3,11.7.2017,46,26086,3.0,2,1960,11,7,2017,1199956.0
אנילביץ 49,10.7.2017,57,22807,3.0,1,1970,10,7,2017,1299999.0
תורה ועבודה 27,7.7.2017,40,20000,3.0,3,1965,7,7,2017,800000.0
שניאור זלמן 24,4.7.2017,65,19846,3.5,2,1974,4,7,2017,1289990.0
אנילביץ 45,23.6.2017,57,17614,3.0,2,1950,23,6,2017,1003998.0
שניאור זלמן 36,18.6.2017,100,11000,3.5,4,1987,18,6,2017,1100000.0
צייטלין 22,15.6.2017,63,17460,3.0,2,1970,15,6,2017,1099980.0
אנילביץ 43,14.6.2017,56,28571,5.0,1,1975,14,6,2017,1599976.0
חנה סנש 13 ראשון לציון,5.6.2017,49,22244,3.0,3,1970,5,6,2017,1089956.0
משורר השואה 6,4.6.2017,56,20714,3.0,1,1800,4,6,2017,1159984.0
משורר השואה 9,29.5.2017,47,21914,3.0,2,1970,29,5,2017,1029958.0
תורה ועבודה 9,22.5.2017,39,22307,2.0,2,1970,22,5,2017,869973.0
"ש""י עגנון 8",4.5.2017,39,33333,2.0,2,1975,4,5,2017,1299987.0
תורה ועבודה 15,3.5.2017,39,28846,4.0,3,1950,3,5,2017,1124994.0
"עגנון ש""י 11",10.4.2017,42,32738,3.0,3,1976,10,4,2017,1374996.0
שניאור זלמן 40,7.4.2017,40,33875,3.5,1,1970,7,4,2017,1355000.0
הכנסת 7,28.3.2017,46,22934,2.0,3,2004,28,3,2017,1054964.0
תדהר דוד 17,17.3.2017,36,19444,2.0,3,1974,17,3,2017,699984.0
החלוץ 3,14.3.2017,39,30769,4.0,4,1975,14,3,2017,1199991.0
אנילביץ 8,9.3.2017,63,16666,3.0,3,2000,9,3,2017,1049958.0
אנילביץ 30,8.3.2017,64,20625,4.5,2,1888,8,3,2017,1320000.0
שניאור זלמן 5,7.3.2017,78,16987,3.5,1,1990,7,3,2017,1324986.0
אנילביץ 53,5.3.2017,57,16666,3.0,3,1967,5,3,2017,949962.0
ספינת השלושה 12,3.3.2017,70,19285,3.0,3,1980,3,3,2017,1349950.0
אריאב חיים 10,16.2.2017,40,27500,3.0,3,1980,16,2,2017,1100000.0
סנש חנה 4,14.2.2017,100,15000,5.0,2,1975,14,2,2017,1500000.0
שניאור זלמן 42,8.2.2017,40,24500,2.0,3,1970,8,2,2017,980000.0
אנילביץ 5,7.2.2017,47,29148,4.0,3,1970,7,2,2017,1369956.0
כהן יעקב 36,5.2.2017,38,23684,2.0,2,1980,5,2,2017,899992.0
שניאור זלמן 37,26.1.2017,70,16285,3.0,3,1970,26,1,2017,1139950.0
תדהר דוד 11,26.1.2017,40,19375,3.0,0,1950,26,1,2017,775000.0
"עגנון ש""י 1",26.1.2017,100,13500,4.0,1,1970,26,1,2017,1350000.0
הכנסת 4,23.1.2017,70,19285,3.0,1,1980,23,1,2017,1349950.0
תורה ועבודה 2,18.1.2017,40,22500,3.0,4,1980,18,1,2017,900000.0
שניאור זלמן 40,17.1.2017,40,30250,4.0,4,1975,17,1,2017,1210000.0
"ש""י עגנון 12",12.1.2017,39,29487,3.0,2,1975,12,1,2017,1149993.0
אריאב חיים 3,12.1.2017,39,25641,3.0,2,1994,12,1,2017,999999.0
הרב מינץ 11,8.1.2017,35,27428,2.0,1,1960,8,1,2017,959980.0
אריאב חיים 21,8.1.2017,46,20652,2.5,4,1970,8,1,2017,949992.0
פוזננסקי מנחם 1,4.1.2017,62,6784,3.0,1,1958,4,1,2017,420608.0
"עגנון ש""י 15",1.1.2017,42,28571,3.0,3,1970,1,1,2017,1199982.0
קורצ'ק יאנוש 4,1.1.2017,85,16470,4.0,1,1991,1,1,2017,1399950.0
תורה ועבודה 34,25.12.2016,51,20882,3.0,1,1960,25,12,2016,1064982.0
אנילביץ 41,21.12.2016,57,18596,3.0,4,1975,21,12,2016,1059972.0
שניאור זלמן 44,20.12.2016,40,22925,2.0,4,1970,20,12,2016,917000.0
כהן יעקב 30,15.12.2016,65,18692,4.0,2,1998,15,12,2016,1214980.0
תורה ועבודה 28,15.12.2016,80,12500,4.0,4,1960,15,12,2016,1000000.0
אריאב חיים 10,12.12.2016,40,21500,3.0,0,1975,12,12,2016,860000.0
אנילביץ 22,12.12.2016,63,19047,4.0,1,1975,12,12,2016,1199961.0
קורצ'ק יאנוש 4,28.11.2016,64,22265,5.0,2,1991,28,11,2016,1424960.0
תדהר דוד 4,24.11.2016,35,34714,4.0,3,1970,24,11,2016,1214990.0
הצפירה 1,24.11.2016,46,18478,3.0,2,1960,24,11,2016,849988.0
שניאור זלמן 38,21.11.2016,26,32692,1.0,1,1970,21,11,2016,849992.0
סנש חנה 8,20.11.2016,56,18303,3.0,4,1975,20,11,2016,1024968.0
שניאור זלמן 32,15.11.2016,47,21276,3.0,1,1973,15,11,2016,999972.0
צייטלין 22,15.11.2016,47,15000,2.5,2,1960,15,11,2016,705000.0
אריאב חיים 3,6.11.2016,39,27948,3.0,4,1970,6,11,2016,1089972.0
אנילביץ 39,1.11.2016,56,21428,3.0,1,1975,1,11,2016,1199968.0
הכנסת 3,26.10.2016,46,21739,3.0,4,1970,26,10,2016,999994.0
תורה ועבודה 2,20.9.2016,38,29473,3.0,1,1975,20,9,2016,1119974.0
סנש חנה 7,16.9.2016,50,12900,2.0,1,1965,16,9,2016,645000.0
אנילביץ 16,13.9.2016,57,24561,5.0,3,1960,13,9,2016,1399977.0
"עגנון ש""י 13",11.9.2016,42,27857,3.0,2,1970,11,9,2016,1169994.0
הרב מינץ 13,5.9.2016,75,16000,4.0,2,1960,5,9,2016,1200000.0
גולינקין 8,1.9.2016,50,23400,3.0,2,1975,1,9,2016,1170000.0
סנש חנה 6,25.8.2016,75,15600,3.0,2,1960,25,8,2016,1170000.0
הרב מינץ 13,24.8.2016,35,32857,4.0,1,1962,24,8,2016,1149995.0
הרב נורוק 3,22.8.2016,44,28750,4.0,3,1960,22,8,2016,1265000.0
שניאור זלמן 18,17.8.2016,65,13769,6.0,1,1975,17,8,2016,894985.0
אנילביץ 16,2.8.2016,57,19298,3.0,4,1975,2,8,2016,1099986.0
שניאור זלמן 45,28.7.2016,46,21739,2.5,0,1970,28,7,2016,999994.0
הרב חיים חדד 1,25.7.2016,162,5555,4.0,1,1976,25,7,2016,899910.0
כהן יעקב 36,20.7.2016,38,25526,2.0,2,1960,20,7,2016,969988.0
"עגנון ש""י 5",7.7.2016,44,20454,3.0,3,1999,7,7,2016,899976.0
הרב נורוק 5,22.6.2016,44,22500,2.0,2,2008,22,6,2016,990000.0
אנילביץ 41,21.6.2016,57,23859,5.0,3,1970,21,6,2016,1359963.0
כהן יעקב 36,10.6.2016,38,25394,2.0,1,1965,10,6,2016,964972.0
שניאור זלמן 26,9.6.2016,98,10867,3.0,3,1970,9,6,2016,1064966.0
הנחשול 75,7.6.2016,88,21931,4.0,2,1995,7,6,2016,1929928.0
שניאור זלמן 7,6.6.2016,76,17763,4.0,1,1996,6,6,2016,1349988.0
אריאב חיים 8,5.6.2016,39,22051,3.0,2,1965,5,6,2016,859989.0
"עגנון ש""י 5",5.6.2016,50,18000,3.0,3,1975,5,6,2016,900000.0
שניאור זלמן 30,5.6.2016,47,21276,3.0,2,1970,5,6,2016,999972.0
גולינקין 6,30.5.2016,47,22340,3.0,3,1970,30,5,2016,1049980.0
אש שלום 18,30.5.2016,90,11111,4.0,1,1975,30,5,2016,999990.0
הכנסת 6,29.5.2016,40,26250,4.0,2,1975,29,5,2016,1050000.0
שניאור זלמן 7,25.5.2016,63,17777,3.0,3,1980,25,5,2016,1119951.0
צייטלין 8,25.5.2016,98,3866,3.0,1,1967,25,5,2016,378868.0
כהן יעקב 46,23.5.2016,80,15000,4.0,1,1960,23,5,2016,1200000.0
הרב מינץ 3,20.5.2016,39,24102,3.0,1,1975,20,5,2016,939978.0
אנילביץ 22,17.5.2016,64,17968,5.0,2,1960,17,5,2016,1149952.0
תורה ועבודה 26,8.5.2016,47,18829,3.0,4,1988,8,5,2016,884963.0
שניאור זלמן 7,3.5.2016,63,18650,3.0,1,1988,3,5,2016,1174950.0
תדהר דוד 13,2.5.2016,29,28793,2.0,0,1980,2,5,2016,834997.0
שניאור זלמן 24,18.4.2016,64,16406,3.5,3,1975,18,4,2016,1049984.0
ארנון 1 ראשון לציון,17.4.2016,82,17317,4.0,1,1997,17,4,2016,1419994.0
שניאור זלמן 22,15.4.2016,64,22343,5.0,1,1969,15,4,2016,1429952.0
אנילביץ 47,13.4.2016,56,20714,4.0,4,1948,13,4,2016,1159984.0
גולינקין 4,10.4.2016,99,12626,5.0,3,1972,10,4,2016,1249974.0
"עגנון ש""י 13",6.4.2016,42,20952,3.0,4,1977,6,4,2016,879984.0
הרב מינץ 1,3.4.2016,52,21153,3.0,1,1974,3,4,2016,1099956.0
אנילביץ 10,28.3.2016,58,18103,3.0,2,2013,28,3,2016,1049974.0
תדהר דוד 10,28.3.2016,35,22714,2.0,4,1973,28,3,2016,794990.0
אנילביץ 7,24.3.2016,34,20053,3.0,2,1974,24,3,2016,681802.0
"עגנון ש""י 1",15.3.2016,42,27619,4.0,2,1965,15,3,2016,1159998.0
שמואל הנביא 5 ראשון לציון,8.3.2016,60,16599,3.0,4,1975,8,3,2016,995940.0
אריאב חיים 4,7.3.2016,36,23333,2.0,2,1970,7,3,2016,839988.0
אריאב חיים 26,3.3.2016,46,20652,3.0,1,1965,3,3,2016,949992.0
אריאב חיים 17,1.3.2016,35,22571,2.0,1,2008,1,3,2016,789985.0
שניאור זלמן 26,28.2.2016,48,21875,3.0,1,1965,28,2,2016,1050000.0
"ש""י עגנון 30",23.2.2016,48,17916,2.5,3,1960,23,2,2016,859968.0
אנילביץ 26,14.2.2016,64,13281,3.0,1,1965,14,2,2016,849984.0
אנילביץ 8,14.2.2016,45,19444,2.5,1,1963,14,2,2016,874980.0
שניאור זלמן 40,9.2.2016,40,26000,4.0,4,1974,9,2,2016,1040000.0
סנש חנה 9,4.2.2016,35,21085,2.0,2,1965,4,2,2016,737975.0
תורה ועבודה 30,4.2.2016,62,14677,2.0,3,1980,4,2,2016,909974.0
אנילביץ 6,31.1.2016,70,13571,3.5,3,1960,31,1,2016,949970.0
"ש""י עגנון 22",31.1.2016,39,21282,3.0,4,1964,31,1,2016,829998.0
שניאור זלמן 28,27.1.2016,47,24468,4.0,2,2012,27,1,2016,1149996.0
כהן יעקב 46,22.1.2016,45,24444,3.0,1,1970,22,1,2016,1099980.0
אריאב חיים 6,20.1.2016,40,21000,3.0,3,1975,20,1,2016,840000.0
"ש""י עגנון 24",20.1.2016,29,26034,2.0,3,1970,20,1,2016,754986.0
תדהר דוד 6,18.1.2016,44,17954,2.0,4,1964,18,1,2016,789976.0
אריאב חיים 5,12.1.2016,40,22500,3.0,3,1970,12,1,2016,900000.0
כהן יעקב 38,7.1.2016,38,24473,2.0,2,1970,7,1,2016,929974.0
"עגנון ש""י 13",5.1.2016,42,21428,2.0,1,2001,5,1,2016,899976.0
אנילביץ' 20 ראשון לציון,31.12.2015,57,20175,6.0,2,1980,31,12,2015,1149975.0
"עגנון ש""י 3",30.12.2015,36,23611,2.0,1,1975,30,12,2015,849996.0
שניאור זלמן 14,24.12.2015,64,20062,3.0,2,1997,24,12,2015,1283968.0
אריאב חיים 2,23.12.2015,22,34090,2.0,1,1970,23,12,2015,749980.0
הכנסת 6,17.12.2015,40,26000,4.0,0,1997,17,12,2015,1040000.0
"עגנון ש""י 11",16.12.2015,42,22857,3.0,3,1960,16,12,2015,959994.0
אש שלום 1,16.12.2015,47,21276,2.5,3,1970,16,12,2015,999972.0
הגלים 4,16.12.2015,77,17415,3.0,1,2002,16,12,2015,1340955.0
עזרה ובצרון 3,15.12.2015,205,11219,5.0,1,2009,15,12,2015,2299895.0
כהן אלי 42,14.12.2015,85,11764,4.0,2,1962,14,12,2015,999940.0
"עגנון ש""י 11",13.12.2015,42,29047,4.0,4,1977,13,12,2015,1219974.0
קורצ'ק יאנוש 10,13.12.2015,77,15649,5.0,2,2007,13,12,2015,1204973.0
תורה ועבודה 14,6.12.2015,39,23461,3.0,2,1970,6,12,2015,914979.0
שניאור זלמן 38,4.12.2015,27,37777,2.0,0,1972,4,12,2015,1019979.0
שלמה המלך 6,29.11.2015,100,22700,4.0,0,1970,29,11,2015,2270000.0
אנילביץ 55,26.11.2015,56,18303,5.0,4,1970,26,11,2015,1024968.0
אנילביץ 37,24.11.2015,96,11979,5.0,2,1960,24,11,2015,1149984.0
הצפירה 7,19.11.2015,46,18152,3.0,3,1988,19,11,2015,834992.0
כהן יעקב 34,19.11.2015,45,16666,3.0,0,1970,19,11,2015,749970.0
אנילביץ 27,19.11.2015,35,26571,3.5,2,1990,19,11,2015,929985.0
אנילביץ 19,17.11.2015,36,19444,2.0,3,1984,17,11,2015,699984.0
סנש חנה 8,4.11.2015,56,16071,3.0,4,1973,4,11,2015,899976.0
"ש""י עגנון 30",2.11.2015,75,10933,3.0,2,2008,2,11,2015,819975.0
סנש חנה 5,30.10.2015,35,21857,2.0,1,1965,30,10,2015,764995.0
שניאור זלמן 20,26.10.2015,64,16875,3.0,2,1970,26,10,2015,1080000.0
הרב מינץ 1,25.10.2015,46,14891,5.0,3,1974,25,10,2015,684986.0
תורה ועבודה 13,22.10.2015,95,9473,4.0,2,1974,22,10,2015,899935.0
קורצ'ק יאנוש 4,18.10.2015,62,16451,3.5,1,1983,18,10,2015,1019962.0
קורצ'ק יאנוש 6,11.10.2015,64,18281,3.0,4,1997,11,10,2015,1169984.0
נתן שלמה 9,9.9.2015,47,19787,2.5,1,1985,9,9,2015,929989.0
כהן יעקב 34,4.9.2015,82,13658,4.5,1,1970,4,9,2015,1119956.0
"עגנון ש""י 15",25.8.2015,42,19047,3.0,4,1960,25,8,2015,799974.0
שניאור זלמן 32,19.8.2015,47,17446,3.0,2,1975,19,8,2015,819962.0
נתן שלמה 17,13.8.2015,95,12421,4.0,2,1950,13,8,2015,1179995.0
סנש חנה 5,5.8.2015,32,25625,2.0,1,1999,5,8,2015,820000.0
הרב מינץ 17,5.8.2015,35,29314,4.0,3,1999,5,8,2015,1025990.0
שניאור זלמן 27,2.8.2015,46,24456,4.0,1,1960,2,8,2015,1124976.0
סילבר 11,2.8.2015,180,11111,7.0,0,2003,2,8,2015,1999980.0
הנחשול 75,31.7.2015,75,18666,3.0,7,1995,31,7,2015,1399950.0
שניאור זלמן 38,29.7.2015,40,20375,2.0,4,1974,29,7,2015,815000.0
ספינת השלושה 1,27.7.2015,50,13900,2.0,0,1965,27,7,2015,695000.0
קורצ'ק יאנוש 8,12.7.2015,79,16455,4.0,5,2006,12,7,2015,1299945.0
קורצ'ק יאנוש 8,12.7.2015,79,14810,4.0,6,1995,12,7,2015,1169990.0
אנילביץ 19,10.7.2015,43,23255,4.5,1,1960,10,7,2015,999965.0
הצפירה 9,8.7.2015,43,20930,3.0,2,1983,8,7,2015,899990.0
אריאב חיים 8,7.7.2015,39,21794,3.0,2,1970,7,7,2015,849966.0
החלוץ 4,26.6.2015,39,25641,3.0,4,1960,26,6,2015,999999.0
אנילביץ 51,24.6.2015,56,14973,4.0,2,1975,24,6,2015,838488.0
אנילביץ 17,23.6.2015,35,25428,2.0,3,2005,23,6,2015,889980.0
תורה ועבודה 32,19.6.2015,90,11222,4.0,4,1975,19,6,2015,1009980.0
פנינת הים 21,16.6.2015,160,15500,6.5,2,2004,16,6,2015,2480000.0
הרב מינץ 3,14.6.2015,69,12536,3.0,1,1969,14,6,2015,864984.0
הנחשול 75,8.6.2015,75,17866,3.0,5,2004,8,6,2015,1339950.0
אנילביץ 17,8.6.2015,35,18571,2.0,3,1950,8,6,2015,649985.0
סנש חנה 5,8.6.2015,35,24000,2.0,2,1973,8,6,2015,840000.0
אריאב חיים 2,2.6.2015,36,21944,2.0,3,1970,2,6,2015,789984.0
צייטלין 3,2.6.2015,47,20425,3.0,2,1970,2,6,2015,959975.0
הגלים 20,26.5.2015,143,15174,6.0,10,1998,26,5,2015,2169882.0
הנחשול 75,25.5.2015,120,15416,5.0,3,1992,25,5,2015,1849920.0
"ש""י עגנון 6",25.5.2015,39,25641,4.0,3,1992,25,5,2015,999999.0
הכנסת 7,25.5.2015,46,16195,2.0,3,1970,25,5,2015,744970.0
אנילביץ 21,21.5.2015,43,17441,3.0,2,1980,21,5,2015,749963.0
קהילת ניו ג'רסי 11,19.5.2015,70,5714,2.0,0,1990,19,5,2015,399980.0
שניאור זלמן 22,4.5.2015,65,13846,3.0,3,1970,4,5,2015,899990.0
שמואל הנביא 8,4.5.2015,190,10921,6.0,1,1980,4,5,2015,2074990.0
ספינת השלושה 10,1.5.2015,43,11627,3.0,1,1980,1,5,2015,499961.0
אנילביץ 6,28.4.2015,28,38928,3.0,1,2000,28,4,2015,1089984.0
הרב מינץ 10,29.3.2015,100,10600,4.0,3,2013,29,3,2015,1060000.0
הנחשול 75,27.3.2015,89,18876,4.0,6,2000,27,3,2015,1679964.0
בן אליעזר 7,22.3.2015,46,22173,5.0,3,1970,22,3,2015,1019958.0
צייטלין 20,15.3.2015,47,17052,2.0,1,1970,15,3,2015,801444.0
נתן שלמה 17,15.3.2015,54,12962,4.0,2,1960,15,3,2015,699948.0
"עגנון ש""י 11",13.3.2015,68,12132,3.0,1,1960,13,3,2015,824976.0
אנילביץ 14,12.3.2015,62,7612,3.0,1,1980,12,3,2015,471944.0
תדהר דוד 23,2.3.2015,36,20972,2.0,2,1970,2,3,2015,754992.0
אש שלום 4,27.2.2015,35,26142,2.0,1,1980,27,2,2015,914970.0
אריאב חיים 8,17.2.2015,39,21217,2.0,4,2010,17,2,2015,827463.0
שניאור זלמן 40,17.2.2015,40,23750,3.5,1,1982,17,2,2015,950000.0
סנש חנה 6,9.2.2015,56,13214,3.0,4,1965,9,2,2015,739984.0
שניאור זלמן 29,4.2.2015,85,11176,4.0,0,1969,4,2,2015,949960.0
שניאור זלמן 9,30.1.2015,78,16282,4.0,2,1997,30,1,2015,1269996.0
אנילביץ 8,29.1.2015,63,11904,3.0,0,1960,29,1,2015,749952.0
סנש חנה 4,28.1.2015,56,16160,3.0,3,1967,28,1,2015,904960.0
"ש""י עגנון 10",27.1.2015,39,7692,2.5,1,1950,27,1,2015,299988.0
אריאב חיים 8,25.1.2015,39,20153,3.0,3,1970,25,1,2015,785967.0
"ש""י עגנון 12",25.1.2015,39,21666,3.0,1,1965,25,1,2015,844974.0
סנש חנה 6,22.1.2015,56,14285,3.0,4,1975,22,1,2015,799960.0
הדוגית 10,15.1.2015,76,17105,3.5,3,1996,15,1,2015,1299980.0
אריאב חיים 6,13.1.2015,40,19725,3.0,3,1975,13,1,2015,789000.0
סנש חנה 3,11.1.2015,35,26571,4.0,1,1975,11,1,2015,929985.0
הרב איבגי 7,11.1.2015,45,15555,2.0,3,1950,11,1,2015,699975.0
גולינקין 7,8.1.2015,90,11666,4.0,2,1965,8,1,2015,1049940.0
אנילביץ 30,7.1.2015,64,15781,4.0,3,1975,7,1,2015,1009984.0
תורה ועבודה 31,6.1.2015,90,9888,4.0,1,1972,6,1,2015,889920.0
שניאור זלמן 28,5.1.2015,47,15531,3.0,1,1974,5,1,2015,729957.0
תורה ועבודה 3,4.1.2015,40,12500,2.0,4,1970,4,1,2015,500000.0
תורה ועבודה 34,30.12.2014,74,9459,3.0,1,1962,30,12,2014,699966.0
אנילביץ 53,30.12.2014,56,16981,3.0,0,1960,30,12,2014,950936.0
אנילביץ 18,25.12.2014,64,14218,5.0,3,1990,25,12,2014,909952.0
אש שלום 2,24.12.2014,40,16041,2.5,2,1950,24,12,2014,641640.0
אנילביץ 27,21.12.2014,35,19428,2.0,3,1952,21,12,2014,679980.0
"עגנון ש""י 3",18.12.2014,44,15340,3.0,3,1964,18,12,2014,674960.0
הגלים 4,18.12.2014,118,11228,3.5,2,1992,18,12,2014,1324904.0
תורה ועבודה 3,17.12.2014,43,18139,2.5,1,1970,17,12,2014,779977.0
שניאור זלמן 40,7.12.2014,26,30000,3.0,1,1955,7,12,2014,780000.0
גולינקין 4,4.12.2014,47,20212,4.0,4,1960,4,12,2014,949964.0
שניאור זלמן 44,30.11.2014,40,18000,2.0,2,1955,30,11,2014,720000.0
גולינקין 4,26.11.2014,97,9072,5.0,3,1963,26,11,2014,879984.0
מלכי ישראל 2,19.11.2014,150,9000,6.0,1,1950,19,11,2014,1350000.0
קורצ'ק יאנוש 8,18.11.2014,64,15078,3.0,6,1997,18,11,2014,964992.0
"עגנון ש""י 3",17.11.2014,43,20232,3.0,1,1978,17,11,2014,869976.0
ארנון 1 ראשון לציון,11.11.2014,92,2748,4.0,2,1976,11,11,2014,252816.0
הגלים 4,6.11.2014,98,15306,4.0,3,1888,6,11,2014,1499988.0
מלכי ישראל 18,31.10.2014,60,27500,2.0,0,1950,31,10,2014,1650000.0
שניאור זלמן 28,30.10.2014,47,17021,3.0,2,1975,30,10,2014,799987.0
הגלים 10,19.10.2014,129,14302,4.5,10,1996,19,10,2014,1844958.0
שניאור זלמן 26,12.10.2014,47,15265,3.0,4,1970,12,10,2014,717455.0
אש שלום 12,5.10.2014,35,21285,2.0,2,1975,5,10,2014,744975.0
אנילביץ 43,1.10.2014,100,10900,4.0,4,1970,1,10,2014,1090000.0
אש שלום 2,15.9.2014,40,13231,3.0,2,1960,15,9,2014,529240.0
כלניות ראשון לציון,14.9.2014,145,13379,5.0,4,2014,14,9,2014,1939955.0
שניאור זלמן 38,9.9.2014,80,12087,4.0,3,1970,9,9,2014,966960.0
חנה סנש 13 ראשון לציון,5.9.2014,49,15632,3.0,3,1975,5,9,2014,765968.0
אנילביץ 41,3.9.2014,57,13245,3.0,4,1975,3,9,2014,754965.0
שניאור זלמן 31,24.8.2014,100,11200,4.5,2,1962,24,8,2014,1120000.0
הגלים 10,17.8.2014,76,17565,3.5,7,1997,17,8,2014,1334940.0
צייטלין 16,13.8.2014,48,16666,3.0,1,1962,13,8,2014,799968.0
תורה ועבודה 26,12.8.2014,47,17234,3.0,3,1978,12,8,2014,809998.0
תדהר דוד 3,4.8.2014,39,23076,5.0,1,1970,4,8,2014,899964.0
"עגנון ש""י 11",25.7.2014,42,14285,3.0,1,1960,25,7,2014,599970.0
אריאב חיים 19,25.7.2014,50,15800,3.0,2,1960,25,7,2014,790000.0
קורצ'ק יאנוש 8,17.7.2014,79,15569,4.0,3,1996,17,7,2014,1229951.0
הגלים 10,17.7.2014,97,15979,4.5,8,1990,17,7,2014,1549963.0
כהן יעקב 34,14.7.2014,45,17866,3.0,2,1960,14,7,2014,803970.0
הרב מינץ 5,14.7.2014,40,20000,3.0,2,1975,14,7,2014,800000.0
הרב נורוק 7,6.7.2014,36,18888,2.0,1,1970,6,7,2014,679968.0
תורה ועבודה 1,3.7.2014,39,17307,3.0,3,1950,3,7,2014,674973.0
הרב נורוק 5,25.6.2014,36,20416,2.0,2,1980,25,6,2014,734976.0
"אנילביץ' 24, ראשון לציון",16.6.2014,57,15263,3.0,1,1970,16,6,2014,869991.0
סנש חנה 11,16.6.2014,35,16857,2.0,3,1960,16,6,2014,589995.0
אריאב חיים 4,15.6.2014,60,9000,3.0,1,1888,15,6,2014,540000.0
סנש חנה 8,13.6.2014,57,19298,3.0,1,1975,13,6,2014,1099986.0
"עגנון ש""י 32",11.6.2014,48,12500,3.0,4,1980,11,6,2014,600000.0
שניאור זלמן 25,9.6.2014,46,21739,5.5,2,1960,9,6,2014,999994.0
הרב נורוק 1,9.6.2014,47,20000,4.5,3,1960,9,6,2014,940000.0
"עגנון ש""י 3",1.6.2014,36,19722,2.0,3,1970,1,6,2014,709992.0
אנילביץ 12,26.5.2014,95,11052,4.0,0,1888,26,5,2014,1049940.0
"שז""ר זלמן 38",25.5.2014,26,10769,2.0,0,1888,25,5,2014,279994.0
שניאור זלמן 7,22.5.2014,75,11666,2.5,3,1988,22,5,2014,874950.0
פוזננסקי מנחם 5,15.5.2014,49,28571,3.0,0,1990,15,5,2014,1399979.0
צייטלין 16,11.5.2014,75,10133,3.0,2,1978,11,5,2014,759975.0
"עגנון ש""י 2",9.5.2014,39,18923,3.0,4,1800,9,5,2014,737997.0
הרב מינץ 4,8.4.2014,82,10792,3.5,1,1955,8,4,2014,884944.0
צייטלין 4,2.4.2014,47,14468,3.0,3,1999,2,4,2014,679996.0
נתן שלמה 7,27.3.2014,100,11300,4.0,1,1960,27,3,2014,1130000.0
אש שלום 24,26.3.2014,35,13714,2.0,2,1970,26,3,2014,479990.0
הגלים 10,25.3.2014,77,17142,3.5,4,1996,25,3,2014,1319934.0
נתן שלמה 17,24.3.2014,53,15094,3.0,2,1970,24,3,2014,799982.0
אריאב חיים 17,14.3.2014,35,21285,4.0,4,1983,14,3,2014,744975.0
הכנסת 7,13.3.2014,46,17173,3.0,0,1980,13,3,2014,789958.0
אנילביץ 29,10.3.2014,50,13100,2.5,3,1967,10,3,2014,655000.0
צייטלין 16,2.3.2014,50,15600,3.0,2,1961,2,3,2014,780000.0
קורצ'ק יאנוש 6,26.2.2014,64,15843,3.0,2,1980,26,2,2014,1013952.0
הדוגית 70,26.2.2014,84,15357,3.5,2,1990,26,2,2014,1289988.0
"ש""י עגנון 30",25.2.2014,75,9600,1.0,1,1970,25,2,2014,720000.0
הכנסת 3,19.2.2014,46,15217,3.0,4,1970,19,2,2014,699982.0
אנילביץ 30,19.2.2014,64,15781,5.0,3,1975,19,2,2014,1009984.0
תדהר דוד 21,28.1.2014,36,19166,2.0,2,1960,28,1,2014,689976.0
משורר השואה 10,27.1.2014,57,12631,3.0,4,1970,27,1,2014,719967.0
"עגנון ש""י 99",19.1.2014,39,16100,4.0,2,1980,19,1,2014,627900.0
"עגנון ש""י 18",8.1.2014,39,18333,3.0,3,1975,8,1,2014,714987.0
פנינת הים 25,8.1.2014,147,15176,6.0,2,2003,8,1,2014,2230872.0
שניאור זלמן 5,5.1.2014,64,14843,3.0,2,2000,5,1,2014,949952.0
"עגנון ש""י 196",31.12.2013,39,17948,3.0,3,1961,31,12,2013,699972.0
סנש חנה 3,26.12.2013,75,10733,4.0,2,1975,26,12,2013,804975.0
אש שלום 6,26.12.2013,47,22340,3.0,0,1960,26,12,2013,1049980.0
תורה ועבודה 2,25.12.2013,39,17948,3.0,3,1974,25,12,2013,699972.0
אש שלום 20,23.12.2013,77,10935,3.0,1,1960,23,12,2013,841995.0
אנילביץ' 20 ראשון לציון,16.12.2013,47,16595,3.5,1,1960,16,12,2013,779965.0
אנילביץ 35,15.12.2013,56,15535,3.0,4,1960,15,12,2013,869960.0
תורה ועבודה 26,11.12.2013,48,16250,3.0,3,1978,11,12,2013,780000.0
אנילביץ 18,9.12.2013,63,13492,3.0,1,1964,9,12,2013,849996.0
תורה ועבודה 11,4.12.2013,39,16589,2.0,4,1800,4,12,2013,646971.0
"עגנון ש""י 2",3.12.2013,39,16153,3.0,3,1993,3,12,2013,629967.0
הכנסת 10,29.11.2013,75,9666,3.0,4,1967,29,11,2013,724950.0
אנילביץ 30,26.11.2013,105,9523,5.0,3,1978,26,11,2013,999915.0
שניאור זלמן 29,18.11.2013,46,19565,2.0,3,2000,18,11,2013,899990.0
הכנסת 7,12.11.2013,46,17173,2.0,2,1950,12,11,2013,789958.0
"עגנון ש""י 13",5.11.2013,42,17857,3.5,2,1980,5,11,2013,749994.0
שניאור זלמן 22,4.11.2013,65,11923,3.0,3,1970,4,11,2013,774995.0
הגלים 16,4.11.2013,104,18509,5.0,9,1997,4,11,2013,1924936.0
"עגנון ש""י 3",1.11.2013,44,15000,3.0,3,1960,1,11,2013,660000.0
אנילביץ 26,28.10.2013,64,12031,3.0,3,1975,28,10,2013,769984.0
אנילביץ 10,27.10.2013,92,10217,4.0,0,1960,27,10,2013,939964.0
תורה ועבודה 26,25.10.2013,47,16382,3.0,3,1978,25,10,2013,769954.0
תדהר דוד 10,22.10.2013,35,20628,2.0,2,1980,22,10,2013,721980.0
דוד המלך 4,20.10.2013,95,12631,3.0,1,1946,20,10,2013,1199945.0
סנש חנה 6,16.10.2013,56,17857,5.0,3,1999,16,10,2013,999992.0
אנילביץ 5,16.10.2013,48,12500,2.0,2,1969,16,10,2013,600000.0
אנילביץ 5,14.10.2013,48,16458,3.0,2,1970,14,10,2013,789984.0
תורה ועבודה 12,14.10.2013,39,18717,3.0,1,1975,14,10,2013,729963.0
הרב נורוק 3,13.10.2013,36,22222,4.0,4,1975,13,10,2013,799992.0
שניאור זלמן 49,13.10.2013,150,6533,5.0,3,1940,13,10,2013,979950.0
הצפירה 1,10.10.2013,46,19565,2.0,2,1978,10,10,2013,899990.0
אנילביץ 5,7.10.2013,47,15957,3.0,2,1999,7,10,2013,749979.0
הרב מינץ 3,7.10.2013,40,14750,3.0,3,1960,7,10,2013,590000.0
הרב נורוק 3,1.10.2013,36,19305,2.0,2,1888,1,10,2013,694980.0
אנילביץ 26,29.9.2013,64,12500,6.0,4,1971,29,9,2013,800000.0
תורה ועבודה 9,22.9.2013,79,10759,4.0,4,1967,22,9,2013,849961.0
אריאב חיים 8,16.9.2013,39,18974,3.0,0,1960,16,9,2013,739986.0
שניאור זלמן 38,15.9.2013,40,17500,3.0,4,1800,15,9,2013,700000.0
ארנון משה 5 ראשון לציון,11.9.2013,61,13934,3.0,2,1963,11,9,2013,849974.0
"ש""י עגנון 12",8.9.2013,65,9230,3.0,1,1996,8,9,2013,599950.0
סנש חנה 8,2.9.2013,57,11578,3.0,4,1981,2,9,2013,659946.0
סנש חנה 9,1.9.2013,35,15714,2.0,3,1955,1,9,2013,549990.0
הרב מינץ 5,29.8.2013,39,20000,5.0,1,1888,29,8,2013,780000.0
אנילביץ' 20 ראשון לציון,28.8.2013,57,13157,3.0,1,1800,28,8,2013,749949.0
הרב נורוק 5,26.8.2013,36,19166,2.0,1,1980,26,8,2013,689976.0
אנילביץ 15,25.8.2013,35,20571,2.0,0,1980,25,8,2013,719985.0
הרב מינץ 3,25.8.2013,39,15128,3.0,3,1970,25,8,2013,589992.0
הרב נורוק 3,18.8.2013,36,17222,2.0,1,2010,18,8,2013,619992.0
אנילביץ 21,12.8.2013,43,18604,4.0,3,1975,12,8,2013,799972.0
גולינקין 1,12.8.2013,47,14042,3.0,2,1980,12,8,2013,659974.0
הגלים 16,11.8.2013,88,16818,4.0,2,1999,11,8,2013,1479984.0
שניאור זלמן 14,9.8.2013,79,13291,4.0,4,1996,9,8,2013,1049989.0
אריאב חיים 5,1.8.2013,40,15500,3.0,4,1974,1,8,2013,620000.0
"עגנון ש""י 3",1.8.2013,36,15000,2.0,3,1968,1,8,2013,540000.0
אנילביץ 4,1.8.2013,50,16400,3.0,1,1972,1,8,2013,820000.0
סנש חנה 4,31.7.2013,51,15686,3.0,3,1972,31,7,2013,799986.0
אנילביץ 17,28.7.2013,35,21085,2.0,0,1961,28,7,2013,737975.0
פוזננסקי מנחם 15,25.7.2013,62,12903,3.0,1,1958,25,7,2013,799986.0
"עגנון ש""י 11",23.7.2013,42,17142,3.0,2,1964,23,7,2013,719964.0
תדהר דוד 13,18.7.2013,89,7134,2.0,0,1950,18,7,2013,634926.0
ספינת השלושה 2,17.7.2013,43,17441,3.0,2,1990,17,7,2013,749963.0
אנילביץ 16,15.7.2013,57,12807,3.0,3,1960,15,7,2013,729999.0
הרב נורוק 5,14.7.2013,84,11011,5.0,1,1990,14,7,2013,924924.0
ספינת השלושה 15,8.7.2013,71,11267,3.0,0,1967,8,7,2013,799957.0
תורה ועבודה 31,7.7.2013,40,17350,3.0,1,1964,7,7,2013,694000.0
אנילביץ 4,7.7.2013,28,23214,4.0,3,1981,7,7,2013,649992.0
הרב מינץ 14,5.7.2013,54,10370,3.0,3,1970,5,7,2013,559980.0
אנילביץ 37,4.7.2013,56,13571,3.0,1,1960,4,7,2013,759976.0
אש שלום 20,4.7.2013,77,10389,3.0,0,1965,4,7,2013,799953.0
אש שלום 20,2.7.2013,77,10389,3.0,0,1975,2,7,2013,799953.0
משורר השואה 5,2.7.2013,84,9523,4.0,2,1960,2,7,2013,799932.0
אריאב חיים 10,27.6.2013,40,15000,3.0,4,1970,27,6,2013,600000.0
הצפירה 9,27.6.2013,46,13478,2.5,4,1960,27,6,2013,619988.0
אנילביץ 8,25.6.2013,65,13692,4.0,2,2000,25,6,2013,889980.0
הרב איבגי 7,24.6.2013,36,17361,2.0,3,1960,24,6,2013,624996.0
קהילת ניו ג'רסי 7,24.6.2013,220,10545,6.0,0,2009,24,6,2013,2319900.0
אנילביץ 35,23.6.2013,56,12767,5.0,4,1970,23,6,2013,714952.0
אנילביץ 10,21.6.2013,58,12672,3.0,2,1980,21,6,2013,734976.0
אריאב חיים 1,20.6.2013,58,9137,3.0,4,1958,20,6,2013,529946.0
הגלים 2,17.6.2013,84,14821,3.0,1,2000,17,6,2013,1244964.0
"אנילביץ' 28, ראשון לציון",14.6.2013,64,12031,3.0,3,1975,14,6,2013,769984.0
"עגנון ש""י 14",14.6.2013,39,17179,3.0,4,1975,14,6,2013,669981.0
"אנילביץ' 24, ראשון לציון",12.6.2013,57,15789,4.0,1,1970,12,6,2013,899973.0
גולינקין 2,12.6.2013,47,18191,3.0,3,1985,12,6,2013,854977.0
סנש חנה 3,12.6.2013,35,17142,2.0,3,2000,12,6,2013,599970.0
שניאור זלמן 41,9.6.2013,46,13804,3.0,4,2002,9,6,2013,634984.0
אנילביץ 8,3.6.2013,63,12698,3.0,2,2000,3,6,2013,799974.0
סנש חנה 6,2.6.2013,56,12767,3.0,4,1990,2,6,2013,714952.0
אנילביץ 15,30.5.2013,120,11666,5.0,3,1970,30,5,2013,1399920.0
אנילביץ 41,22.5.2013,57,13157,3.0,1,1970,22,5,2013,749949.0
אריאב חיים 10,21.5.2013,39,17179,3.0,3,1979,21,5,2013,669981.0
גולינקין 1,21.5.2013,47,16808,3.0,2,2000,21,5,2013,789976.0
החלוץ 2,19.5.2013,40,14200,3.0,4,1800,19,5,2013,568000.0
שניאור זלמן 22,16.5.2013,65,16615,5.0,1,1975,16,5,2013,1079975.0
שניאור זלמן 5,1.5.2013,63,11904,3.0,3,1987,1,5,2013,749952.0
תורה ועבודה 2,1.5.2013,60,13333,3.5,1,1970,1,5,2013,799980.0
אנילביץ 10,30.4.2013,58,12758,3.0,2,1800,30,4,2013,739964.0
אנילביץ 25,25.4.2013,35,18285,2.5,2,1975,25,4,2013,639975.0
אנילביץ 21,18.4.2013,43,15930,3.0,2,1975,18,4,2013,684990.0
"ש""י עגנון 22",11.4.2013,29,21206,2.0,3,1975,11,4,2013,614974.0
אנילביץ 51,10.4.2013,56,12999,3.0,1,1960,10,4,2013,727944.0
"עגנון ש""י 17",7.4.2013,60,10000,3.0,0,2000,7,4,2013,600000.0
אנילביץ 29,4.4.2013,36,17222,3.0,3,1960,4,4,2013,619992.0
שניאור זלמן 41,2.4.2013,90,8333,4.0,4,1970,2,4,2013,749970.0
אנילביץ 8,28.3.2013,63,12222,3.0,1,1991,28,3,2013,769986.0
סנש חנה 8,27.3.2013,56,16964,5.0,3,1975,27,3,2013,949984.0
1 ,25.3.2013,50,12000,1.0,2,1800,25,3,2013,600000.0
הגלים 14,14.3.2013,101,12673,5.0,4,2004,14,3,2013,1279973.0
החלוץ 3,12.3.2013,40,18750,4.0,2,1964,12,3,2013,750000.0
תדהר דוד 10,12.3.2013,35,18571,2.0,4,1972,12,3,2013,649985.0
הגלים 10,12.3.2013,77,15909,3.5,4,2000,12,3,2013,1224993.0
פוזננסקי מנחם 21,10.3.2013,192,11458,6.0,0,1994,10,3,2013,2199936.0
תורה ועבודה 19,10.3.2013,39,19615,4.0,0,1965,10,3,2013,764985.0
תורה ועבודה 19,10.3.2013,39,15384,2.0,0,1965,10,3,2013,599976.0
הרב נורוק 3,7.3.2013,36,15555,2.0,2,1960,7,3,2013,559980.0
הגלים 14,1.3.2013,102,13725,4.0,1,1992,1,3,2013,1399950.0
"ש""י עגנון 8",27.2.2013,40,14749,3.0,1,1980,27,2,2013,589960.0
אנילביץ 7,26.2.2013,48,14791,3.0,2,1980,26,2,2013,709968.0
תורה ועבודה 10,26.2.2013,39,13589,3.0,4,1975,26,2,2013,529971.0
אנילביץ 39,24.2.2013,57,14912,4.0,3,1967,24,2,2013,849984.0
אריאב חיים 9,21.2.2013,35,18514,2.0,0,1970,21,2,2013,647990.0
תדהר דוד 12,18.2.2013,100,8450,4.0,3,1970,18,2,2013,845000.0
שניאור זלמן 18,17.2.2013,78,12307,4.0,3,1974,17,2,2013,959946.0
תורה ועבודה 2,11.2.2013,40,14950,3.0,4,1964,11,2,2013,598000.0
"ש""י עגנון 22",6.2.2013,39,13717,3.0,4,1975,6,2,2013,534963.0
שניאור זלמן 18,6.2.2013,65,11307,3.0,3,1960,6,2,2013,734955.0
סנש חנה 6,5.2.2013,57,12719,3.5,3,1975,5,2,2013,724983.0
הגלים 8,1.2.2013,75,15066,3.5,0,1994,1,2,2013,1129950.0
משורר השואה 7,31.1.2013,47,14680,2.5,0,1964,31,1,2013,689960.0
אנילביץ 35,27.1.2013,75,10533,3.0,3,1966,27,1,2013,789975.0
אנילביץ 2,23.1.2013,28,21428,2.0,2,1970,23,1,2013,599984.0
קורצ'ק יאנוש 10,16.1.2013,77,9090,4.0,2,1982,16,1,2013,699930.0
סנש חנה 6,9.1.2013,57,13684,3.0,3,1960,9,1,2013,779988.0
סנש חנה 11,6.1.2013,35,13714,2.0,3,1970,6,1,2013,479990.0
"עגנון ש""י 15",4.1.2013,42,16190,4.0,2,1963,4,1,2013,679980.0
"עגנון ש""י 15",2.1.2013,42,13333,3.0,4,1975,2,1,2013,559986.0
תורה ועבודה 1,25.12.2012,40,16250,2.0,3,1980,25,12,2012,650000.0
הרב נורוק 5,20.12.2012,76,10263,3.5,3,1970,20,12,2012,779988.0
"עגנון ש""י 5",12.12.2012,44,16363,3.0,3,1970,12,12,2012,719972.0
קורצ'ק יאנוש 11,10.12.2012,79,12405,4.0,6,1995,10,12,2012,979995.0
אש שלום 24,9.12.2012,50,14000,2.0,2,1960,9,12,2012,700000.0
סנש חנה 9,29.11.2012,35,15142,2.0,3,1950,29,11,2012,529970.0
קורצ'ק יאנוש 12,25.11.2012,64,14484,3.0,1,1994,25,11,2012,926976.0
צייטלין 9,23.11.2012,98,9183,5.0,3,1960,23,11,2012,899934.0
שניאור זלמן 44,22.11.2012,40,13375,2.0,2,1975,22,11,2012,535000.0
שניאור זלמן 49,22.11.2012,46,14608,4.0,2,1965,22,11,2012,671968.0
אריאב חיים 13,13.11.2012,35,17000,2.0,3,1980,13,11,2012,595000.0
אריאב חיים 2,9.11.2012,36,17777,2.0,3,1968,9,11,2012,639972.0
אריאב חיים 4,4.11.2012,36,16666,2.0,3,1972,4,11,2012,599976.0
שניאור זלמן 30,24.10.2012,47,13829,3.0,4,1980,24,10,2012,649963.0
אנילביץ 7,24.10.2012,48,13437,3.0,3,1960,24,10,2012,644976.0
סנש חנה 3,24.10.2012,35,14714,2.0,4,1970,24,10,2012,514990.0
הרב נורוק 3,23.10.2012,44,15000,3.0,0,1975,23,10,2012,660000.0
אנילביץ 18,22.10.2012,64,9531,3.0,3,1963,22,10,2012,609984.0
"עגנון ש""י 15",22.10.2012,42,15833,3.0,1,1970,22,10,2012,664986.0
אנילביץ 41,10.10.2012,57,5424,3.0,3,1964,10,10,2012,309168.0
כהן יעקב 38,10.10.2012,38,15789,2.0,2,1960,10,10,2012,599982.0
אריאב חיים 3,10.10.2012,40,18000,3.0,2,1980,10,10,2012,720000.0
הרב נורוק 3,3.10.2012,36,16111,2.0,0,1960,3,10,2012,579996.0
אנילביץ 26,24.9.2012,64,10937,3.0,2,1970,24,9,2012,699968.0
תורה ועבודה 32,24.9.2012,48,12500,2.0,2,1950,24,9,2012,600000.0
שניאור זלמן 26,11.9.2012,48,12500,3.0,4,1800,11,9,2012,600000.0
אריאב חיים 5,7.9.2012,40,16500,3.0,1,1960,7,9,2012,660000.0
פוזננסקי מנחם 5,6.9.2012,85,12470,4.0,2,1970,6,9,2012,1059950.0
שניאור זלמן 26,30.8.2012,47,14893,3.0,2,1969,30,8,2012,699971.0
אריאב חיים 8,24.8.2012,40,15500,1.0,1,1880,24,8,2012,620000.0
תורה ועבודה 12,16.8.2012,39,15384,3.0,2,1968,16,8,2012,599976.0
"עגנון ש""י 17",7.8.2012,42,14285,2.0,0,1969,7,8,2012,599970.0
שניאור זלמן 30,5.8.2012,47,14893,3.0,1,1975,5,8,2012,699971.0
צייטלין 10,5.8.2012,95,8421,4.0,3,1960,5,8,2012,799995.0
אריאב חיים 9,31.7.2012,35,18571,2.0,1,1980,31,7,2012,649985.0
תורה ועבודה 18,23.7.2012,48,14687,4.0,4,1994,23,7,2012,704976.0
"עגנון ש""י 11",18.7.2012,42,15119,3.0,0,1962,18,7,2012,634998.0
"עגנון ש""י 13",16.7.2012,42,15000,2.0,1,1975,16,7,2012,630000.0
אנילביץ' 20 ראשון לציון,12.7.2012,57,12017,3.0,2,1975,12,7,2012,684969.0
"עגנון ש""י 17",12.7.2012,42,14285,2.0,0,1969,12,7,2012,599970.0
אריאב חיים 5,10.7.2012,70,7857,3.0,2,1958,10,7,2012,549990.0
שניאור זלמן 44,10.7.2012,40,15000,2.0,3,1950,10,7,2012,600000.0
שניאור זלמן 35,6.7.2012,46,10869,2.0,2,1970,6,7,2012,499974.0
אריאב חיים 5,1.7.2012,40,14250,3.0,4,1960,1,7,2012,570000.0
"עגנון ש""י 11",27.6.2012,40,15000,3.0,2,1970,27,6,2012,600000.0
אריאב חיים 7,24.6.2012,35,14857,2.0,4,1800,24,6,2012,519995.0
"אנילביץ' 28, ראשון לציון",18.6.2012,64,11406,5.0,4,1994,18,6,2012,729984.0
שניאור זלמן 9,10.6.2012,88,10795,4.0,3,1996,10,6,2012,949960.0
הרב נורוק 12,7.6.2012,36,19861,3.0,2,1970,7,6,2012,714996.0
אנילביץ 35,3.6.2012,60,12333,3.0,0,1960,3,6,2012,739980.0
"עגנון ש""י 1",3.6.2012,52,15384,3.5,2,1970,3,6,2012,799968.0
פוזננסקי מנחם 3,31.5.2012,50,4665,2.0,2,1995,31,5,2012,233250.0
שמואל שרירא 44-48 ראשון לציון,30.5.2012,63,13888,3.0,1,1960,30,5,2012,874944.0
"עגנון ש""י 5",24.5.2012,44,19204,4.0,0,1960,24,5,2012,844976.0
שניאור זלמן 28,24.5.2012,47,13510,2.0,0,1960,24,5,2012,634970.0
סנש חנה 6,22.5.2012,95,8789,5.0,0,1970,22,5,2012,834955.0
אנילביץ 21,20.5.2012,43,16279,3.0,2,1995,20,5,2012,699997.0
אנילביץ 2,20.5.2012,50,12600,2.0,1,1960,20,5,2012,630000.0
ספינת השלושה 15,15.5.2012,35,17628,2.5,2,1975,15,5,2012,616980.0
הכנסת 11,9.5.2012,58,9310,3.0,2,2000,9,5,2012,539980.0
משורר השואה 6,6.5.2012,56,10803,3.0,4,1970,6,5,2012,604968.0
הדוגית 70,3.5.2012,84,15357,3.5,8,1998,3,5,2012,1289988.0
תורה ועבודה 15,22.4.2012,90,8000,4.0,4,1960,22,4,2012,720000.0
סנש חנה 8,17.4.2012,56,13928,3.0,3,1800,17,4,2012,779968.0
קורצ'ק יאנוש 8,17.4.2012,79,12278,4.0,5,2006,17,4,2012,969962.0
שניאור זלמן 44,5.4.2012,40,11125,2.0,3,2000,5,4,2012,445000.0
שניאור זלמן 37,30.3.2012,55,12000,3.0,3,1960,30,3,2012,660000.0
הדוגית 70,28.3.2012,84,13333,3.5,4,1994,28,3,2012,1119972.0
"ש""י עגנון 30",25.3.2012,53,9056,2.0,3,1970,25,3,2012,479968.0
כהן יעקב 40,22.3.2012,35,12857,2.0,0,1800,22,3,2012,449995.0
גולינקין 1,21.3.2012,47,13191,3.0,3,1963,21,3,2012,619977.0
"שז""ר זלמן 37",20.3.2012,47,14893,3.0,1,2000,20,3,2012,699971.0
הכנסת 11,18.3.2012,46,12608,3.0,2,1974,18,3,2012,579968.0
"ש""י עגנון 4",15.3.2012,39,15384,3.0,1,1964,15,3,2012,599976.0
החלוץ 7,8.3.2012,79,15189,4.0,2,1999,8,3,2012,1199931.0
"עגנון ש""י 11",16.2.2012,42,15714,3.0,3,1969,16,2,2012,659988.0
צייטלין 22,5.2.2012,48,15625,1.0,2,1960,5,2,2012,750000.0
"עגנון ש""י 15",3.2.2012,42,14285,3.5,3,1970,3,2,2012,599970.0
אנילביץ 41,2.2.2012,57,11087,3.0,4,1960,2,2,2012,631959.0
קורצ'ק יאנוש 12,30.1.2012,64,13828,3.0,1,1970,30,1,2012,884992.0
ספינת השלושה 10,30.1.2012,100,8350,4.0,0,2000,30,1,2012,835000.0
תדהר דוד 6,26.1.2012,75,10000,3.5,1,1960,26,1,2012,750000.0
אנילביץ 15,17.1.2012,35,14571,2.0,2,1970,17,1,2012,509985.0
נתן שלמה 8,17.1.2012,50,18300,3.0,0,1980,17,1,2012,915000.0
כהן יעקב 40,5.1.2012,49,8571,2.0,1,1962,5,1,2012,419979.0
צייטלין 18,26.12.2011,93,7311,4.0,3,1965,26,12,2011,679923.0
אנילביץ 16,23.12.2011,57,12192,3.0,0,1975,23,12,2011,694944.0
אריאב חיים 8,22.12.2011,39,16025,3.0,1,1967,22,12,2011,624975.0
תורה ועבודה 13,15.12.2011,39,14230,2.0,1,1970,15,12,2011,554970.0
סנש חנה 5,12.12.2011,35,15942,2.0,0,1965,12,12,2011,557970.0
שניאור זלמן 14,5.12.2011,64,13593,3.0,5,1992,5,12,2011,869952.0
נתן שלמה 10,22.11.2011,81,12098,3.0,0,2000,22,11,2011,979938.0
אריאב חיים 2,16.11.2011,36,15833,2.0,2,1970,16,11,2011,569988.0
סנש חנה 11,13.11.2011,36,15972,2.5,3,2000,13,11,2011,574992.0
שניאור זלמן 7,9.11.2011,64,10953,3.0,1,1988,9,11,2011,700992.0
אנילביץ 19,7.11.2011,36,20833,3.0,2,1975,7,11,2011,749988.0
צייטלין 22,4.11.2011,70,9571,3.0,3,1975,4,11,2011,669970.0
הרב מינץ 8,24.10.2011,86,7441,4.0,2,1950,24,10,2011,639926.0
הרב נורוק 2,17.10.2011,36,15555,2.0,0,1960,17,10,2011,559980.0
סנש חנה 8,9.10.2011,56,12500,3.0,2,1970,9,10,2011,700000.0
אש שלום 26,9.10.2011,35,13142,2.0,2,1950,9,10,2011,459970.0
תורה ועבודה 26,5.10.2011,48,11458,2.0,2,1967,5,10,2011,549984.0
תורה ועבודה 19,20.9.2011,39,12923,2.0,4,1970,20,9,2011,503997.0
הרב נורוק 4,8.9.2011,80,3750,2.5,0,1963,8,9,2011,300000.0
שניאור זלמן 5,1.9.2011,64,11875,3.0,1,1980,1,9,2011,760000.0
פנינת הים 25,1.9.2011,147,15306,6.0,2,2003,1,9,2011,2249982.0
שניאור זלמן 37,28.8.2011,46,14130,3.0,1,1964,28,8,2011,649980.0
שניאור זלמן 22,26.8.2011,70,10571,4.0,2,1970,26,8,2011,739970.0
אריאב חיים 6,25.8.2011,39,15641,3.0,3,1970,25,8,2011,609999.0
סנש חנה 8,23.8.2011,90,10055,5.0,2,1960,23,8,2011,904950.0
הכנסת 5,16.8.2011,46,10434,3.0,2,1800,16,8,2011,479964.0
תורה ועבודה 17,14.8.2011,83,9638,4.0,1,1950,14,8,2011,799954.0
"ש""י עגנון 8",7.8.2011,60,10833,3.0,2,1980,7,8,2011,649980.0
ספינת השלושה 15,29.7.2011,35,13857,2.0,2,1960,29,7,2011,484995.0
צייטלין 2,27.7.2011,47,7446,3.0,1,1980,27,7,2011,349962.0
יעקוב חזן 11,24.7.2011,127,16377,5.0,1,1992,24,7,2011,2079879.0
אנילביץ 13,14.7.2011,109,10321,5.5,1,1958,14,7,2011,1124989.0
הרב נורוק 6,7.7.2011,44,12500,3.0,3,1975,7,7,2011,550000.0
אש שלום 16,5.7.2011,153,6862,5.0,0,2000,5,7,2011,1049886.0
גולינקין 3,5.7.2011,47,13914,3.0,2,1800,5,7,2011,653958.0
משורר השואה 9,30.6.2011,47,14468,3.0,1,1960,30,6,2011,679996.0
תדהר דוד 4,30.6.2011,35,17142,2.0,1,1970,30,6,2011,599970.0
"עגנון ש""י 11",23.6.2011,42,11904,3.0,3,1964,23,6,2011,499968.0
"ש""י עגנון 22",17.6.2011,29,18620,2.0,3,1975,17,6,2011,539980.0
אנילביץ 19,9.6.2011,130,7538,4.0,3,1964,9,6,2011,979940.0
שניאור זלמן 30,7.6.2011,48,12708,3.0,4,1965,7,6,2011,609984.0
אנילביץ 18,1.6.2011,64,9531,3.0,3,1994,1,6,2011,609984.0
הרב נורוק 12,27.5.2011,80,10312,4.0,3,1970,27,5,2011,824960.0
גולינקין 8,26.5.2011,47,15106,3.0,1,1970,26,5,2011,709982.0
תדהר דוד 6,19.5.2011,50,13000,3.0,4,1979,19,5,2011,650000.0
הרב מינץ 12,18.5.2011,56,10321,3.0,1,1985,18,5,2011,577976.0
קורצ'ק יאנוש 8,4.5.2011,64,13125,3.0,1,1800,4,5,2011,840000.0
פנינת הים 21,4.5.2011,140,17000,6.5,2,2003,4,5,2011,2380000.0
נתן שלמה 13,4.5.2011,26,29807,2.0,0,1800,4,5,2011,774982.0
שניאור זלמן 7,1.5.2011,74,11621,3.0,2,1990,1,5,2011,859954.0
שניאור זלמן 36,27.4.2011,40,15000,3.0,2,1990,27,4,2011,600000.0
מנדלי 9,14.4.2011,100,12000,5.0,2,1965,14,4,2011,1200000.0
ארנון משה 3 ראשון לציון,13.4.2011,80,11937,4.0,1,1970,13,4,2011,954960.0
"ש""י עגנון 26",13.4.2011,60,11333,3.0,1,1990,13,4,2011,679980.0
הרב נורוק 5,30.3.2011,36,13055,2.0,1,1950,30,3,2011,469980.0
תורה ועבודה 26,30.3.2011,48,13333,3.0,2,2000,30,3,2011,639984.0
אנילביץ 8,29.3.2011,63,11746,3.0,3,1970,29,3,2011,739998.0
כהן יעקב 38,27.3.2011,63,5952,3.0,2,1985,27,3,2011,374976.0
תורה ועבודה 23,25.3.2011,40,14375,2.0,3,1800,25,3,2011,575000.0
אנילביץ 29,25.3.2011,35,16228,2.0,1,1975,25,3,2011,567980.0
שניאור זלמן 38,22.3.2011,27,11415,2.0,1,1800,22,3,2011,308205.0
"עגנון ש""י 13",20.3.2011,42,14761,3.0,2,1975,20,3,2011,619962.0
"אנילביץ' 24, ראשון לציון",20.3.2011,57,13157,5.0,3,1975,20,3,2011,749949.0
אריאב חיים 2,16.3.2011,37,14864,2.0,2,2000,16,3,2011,549968.0
הרב נורוק 4,15.3.2011,36,14444,2.0,3,1980,15,3,2011,519984.0
אנילביץ 30,7.3.2011,104,7980,5.0,3,1941,7,3,2011,829920.0
אנילביץ 13,27.2.2011,40,16125,3.0,1,1970,27,2,2011,645000.0
הדוגית 70,24.2.2011,96,13281,4.0,2,1990,24,2,2011,1274976.0
קורצ'ק יאנוש 8,14.2.2011,64,13359,3.0,6,1995,14,2,2011,854976.0
אריאב חיים 8,11.2.2011,56,9464,3.0,0,1965,11,2,2011,529984.0
"עגנון ש""י 15",9.2.2011,42,15476,3.0,1,1970,9,2,2011,649992.0
אריאב חיים 9,8.2.2011,35,13142,2.0,4,1800,8,2,2011,459970.0
אנילביץ 25,6.2.2011,75,9333,4.0,3,1970,6,2,2011,699975.0
הרב מינץ 9,6.2.2011,35,14142,2.0,4,1960,6,2,2011,494970.0
נתן שלמה 15,1.2.2011,35,12857,2.5,1,1960,1,2,2011,449995.0
סנש חנה 13,26.1.2011,35,14342,2.0,2,1970,26,1,2011,501970.0
אש שלום 12,19.1.2011,34,18823,2.5,2,1975,19,1,2011,639982.0
קורצ'ק יאנוש 12,17.1.2011,70,12642,3.0,4,1995,17,1,2011,884940.0
אנילביץ 7,13.1.2011,48,17083,3.0,2,1976,13,1,2011,819984.0
תורה ועבודה 12,11.1.2011,39,15897,3.0,3,1970,11,1,2011,619983.0
קורצ'ק יאנוש 8,20.12.2010,62,12580,3.0,3,1997,20,12,2010,779960.0
שניאור זלמן 18,30.11.2010,100,8300,5.0,0,1985,30,11,2010,830000.0
הרב מינץ 14,28.11.2010,54,10740,3.0,0,1975,28,11,2010,579960.0
הרב נורוק 3,28.11.2010,36,13194,2.0,1,1970,28,11,2010,474984.0
מלכי ישראל 5,25.11.2010,165,10818,6.0,0,1995,25,11,2010,1784970.0
אנילביץ 18,23.11.2010,60,10333,3.0,3,1980,23,11,2010,619980.0
אריאב חיים 3,17.11.2010,40,15250,3.0,4,1975,17,11,2010,610000.0
יעקוב חזן 15,10.11.2010,127,16456,5.0,0,1990,10,11,2010,2089912.0
"ש""י עגנון 26",2.11.2010,29,17241,2.0,1,1960,2,11,2010,499989.0
